receiving_yards,depth,season,targets,team_passing_yards,team_pass_td,team_receptions,team_receiving_yards,height,weight,age,reception_td
1051.0,2.0,2019,84.0,3956,29,297,3956,73.0,226.0,22,8.0
1075.0,1.0,2020,106.0,3826,34,316,3826,73.0,226.0,23,12.0
869.0,1.0,2021,105.0,3745,23,359,3745,73.0,226.0,24,5.0
1496.0,1.0,2022,145.0,4364,28,350,4378,73.0,226.0,25,12.0
1456.0,1.0,2023,158.0,4067,26,369,4067,73.0,226.0,26,8.0
1350.0,1.0,2012,164.0,3807,32,335,3807,76.0,210.0,24,12.0
1426.0,1.0,2013,178.0,4318,35,364,4318,76.0,210.0,25,12.0
1041.0,1.0,2014,116.0,3551,22,323,3551,76.0,210.0,26,8.0
1297.0,1.0,2015,132.0,4104,33,334,4104,76.0,210.0,27,10.0
964.0,1.0,2016,100.0,4206,18,364,4206,76.0,210.0,28,4.0
1086.0,1.0,2017,143.0,3386,26,304,3378,76.0,210.0,29,8.0
694.0,1.0,2018,78.0,3569,28,331,3569,76.0,210.0,30,7.0
523.0,1.0,2020,104.0,3793,20,372,3793,76.0,210.0,32,2.0
848.0,1.0,2021,93.0,4619,28,415,4603,76.0,210.0,33,3.0
238.0,1.0,2022,49.0,3966,19,433,3966,76.0,210.0,34,2.0
0.0,3.0,2012,1.0,3551,23,289,3551,73.0,195.0,22,0.0
130.0,2.0,2013,17.0,3561,24,333,3561,73.0,195.0,23,0.0
93.0,2.0,2014,15.0,3428,19,320,3428,73.0,195.0,24,0.0
246.0,2.0,2023,18.0,4225,30,406,4225,77.0,205.0,24,4.0
88.0,2.0,2016,16.0,3166,21,287,3166,73.0,208.0,23,0.0
519.0,2.0,2013,72.0,4343,26,380,4343,75.0,205.0,22,4.0
38.0,2.0,2014,5.0,4291,36,392,4291,75.0,205.0,23,0.0
141.0,2.0,2015,21.0,4812,38,404,4812,75.0,205.0,24,0.0
484.0,1.0,2013,86.0,3751,20,349,3751,67.0,178.0,22,1.0
55.0,2.0,2014,7.0,3451,20,325,3451,67.0,178.0,23,0.0
260.0,2.0,2015,41.0,4042,25,312,4047,71.0,195.0,22,2.0
624.0,2.0,2016,84.0,4165,31,355,4165,71.0,195.0,23,2.0
625.0,2.0,2017,83.0,4607,27,378,4613,71.0,195.0,24,1.0
816.0,1.0,2018,106.0,5358,40,408,5358,71.0,195.0,25,6.0
374.0,1.0,2019,48.0,3956,29,297,3956,71.0,195.0,26,2.0
228.0,2.0,2020,35.0,3826,34,316,3826,71.0,195.0,27,2.0
383.0,1.0,2021,62.0,3746,23,356,3746,71.0,195.0,28,0.0
137.0,2.0,2014,13.0,3566,19,322,3566,74.0,195.0,24,1.0
144.0,3.0,2015,18.0,3246,14,294,3246,74.0,195.0,25,0.0
967.0,2.0,2016,92.0,4119,20,414,4119,74.0,195.0,26,5.0
1276.0,1.0,2017,142.0,3929,25,357,3929,74.0,195.0,27,4.0
1375.0,1.0,2018,154.0,4298,35,425,4298,74.0,195.0,28,9.0
422.0,1.0,2019,48.0,3729,26,319,3725,74.0,195.0,29,6.0
925.0,1.0,2020,109.0,4265,37,349,4265,74.0,195.0,30,14.0
726.0,1.0,2021,95.0,4450,34,398,4450,74.0,195.0,31,10.0
718.0,1.0,2022,109.0,4818,32,448,4808,74.0,195.0,32,6.0
1016.0,1.0,2023,138.0,3245,17,350,3245,74.0,195.0,33,4.0
260.0,3.0,2014,28.0,3428,19,320,3428,69.0,195.0,22,0.0
451.0,1.0,2015,57.0,3493,21,310,3493,69.0,195.0,23,3.0
268.0,2.0,2016,51.0,3914,20,365,3925,69.0,195.0,24,2.0
554.0,2.0,2017,62.0,4326,26,363,4326,69.0,195.0,25,3.0
391.0,3.0,2018,35.0,3309,29,292,3254,69.0,195.0,26,4.0
351.0,1.0,2019,62.0,4117,24,371,4117,69.0,195.0,27,1.0
213.0,1.0,2021,39.0,3936,22,404,3936,69.0,195.0,29,0.0
237.0,3.0,2012,19.0,3666,24,291,3666,70.0,185.0,24,3.0
365.0,2.0,2013,47.0,4057,22,355,4057,70.0,185.0,25,2.0
6.0,3.0,2014,3.0,4461,22,364,4461,70.0,185.0,26,0.0
323.0,2.0,2016,32.0,4960,40,374,4960,70.0,185.0,28,2.0
260.0,2.0,2017,48.0,4235,16,362,4235,70.0,185.0,29,2.0
231.0,3.0,2018,35.0,4298,35,425,4298,70.0,185.0,30,5.0
593.0,1.0,2022,78.0,3855,22,398,3854,75.0,211.0,22,2.0
514.0,1.0,2023,65.0,3882,19,355,3882,75.0,211.0,23,2.0
71.0,2.0,2016,8.0,4206,18,364,4206,72.0,195.0,24,0.0
180.0,2.0,2017,16.0,3386,26,304,3378,72.0,195.0,25,2.0
167.0,2.0,2018,29.0,3569,28,331,3569,72.0,195.0,26,0.0
529.0,1.0,2019,78.0,3994,23,356,3994,72.0,195.0,27,1.0
139.0,2.0,2020,17.0,3793,20,372,3793,72.0,195.0,28,0.0
55.0,2.0,2021,4.0,3573,16,348,3573,72.0,195.0,29,0.0
227.0,2.0,2023,29.0,4312,27,409,4295,72.0,195.0,31,1.0
46.0,3.0,2019,4.0,3729,26,319,3725,73.0,166.0,23,0.0
677.0,2.0,2014,97.0,3451,20,325,3451,73.0,195.0,23,8.0
1031.0,1.0,2015,106.0,4428,39,355,4428,73.0,195.0,24,10.0
477.0,1.0,2016,76.0,3925,27,369,3925,73.0,195.0,25,4.0
484.0,1.0,2017,57.0,3716,22,316,3716,73.0,195.0,26,2.0
295.0,1.0,2018,35.0,3885,23,356,3885,73.0,195.0,27,2.0
416.0,2.0,2019,48.0,4117,24,371,4117,73.0,195.0,28,2.0
7.0,3.0,2018,1.0,4629,26,392,4629,77.0,227.0,23,0.0
477.0,3.0,2019,52.0,4017,26,356,4017,77.0,227.0,24,3.0
451.0,1.0,2020,46.0,4299,49,372,4299,77.0,227.0,25,3.0
513.0,2.0,2021,60.0,4526,39,402,4526,77.0,227.0,26,8.0
788.0,1.0,2022,101.0,3890,28,364,3896,77.0,227.0,27,7.0
311.0,1.0,2023,49.0,3373,13,356,3373,77.0,227.0,28,1.0
550.0,1.0,2014,82.0,3451,20,325,3451,74.0,210.0,21,2.0
1400.0,1.0,2015,151.0,4428,39,355,4428,74.0,210.0,22,16.0
885.0,1.0,2016,152.0,3925,27,369,3925,74.0,210.0,23,7.0
17.0,1.0,2017,1.0,3716,22,316,3716,74.0,210.0,24,0.0
754.0,1.0,2018,95.0,3747,29,344,3747,74.0,210.0,25,4.0
1147.0,1.0,2019,154.0,3573,20,371,3573,74.0,210.0,26,7.0
1250.0,1.0,2020,151.0,3925,28,402,3925,74.0,210.0,27,6.0
412.0,1.0,2021,67.0,3635,18,332,3635,74.0,210.0,28,1.0
339.0,1.0,2022,52.0,3506,19,347,3506,74.0,210.0,29,3.0
280.0,1.0,2023,49.0,3421,13,323,3414,74.0,210.0,30,0.0
367.0,2.0,2012,48.0,3298,23,287,3298,75.0,218.0,22,3.0
1423.0,1.0,2013,151.0,4450,39,373,4450,75.0,218.0,23,8.0
1133.0,1.0,2014,145.0,4035,32,396,4035,75.0,218.0,24,10.0
807.0,1.0,2015,94.0,3843,25,334,3843,75.0,218.0,25,6.0
821.0,1.0,2016,94.0,4139,21,347,4139,75.0,218.0,26,2.0
793.0,1.0,2017,122.0,3967,40,341,3967,75.0,218.0,27,9.0
840.0,1.0,2018,92.0,4524,30,422,4527,75.0,218.0,28,6.0
490.0,1.0,2019,74.0,4063,27,391,4063,75.0,218.0,29,4.0
115.0,1.0,2020,13.0,3728,23,334,3728,75.0,218.0,30,1.0
71.0,3.0,2017,13.0,3979,35,340,3979,74.0,215.0,23,0.0
1005.0,1.0,2018,107.0,3885,23,356,3885,73.0,211.0,24,7.0
1189.0,1.0,2019,119.0,4902,30,388,4902,73.0,211.0,25,8.0
1114.0,1.0,2020,130.0,4511,28,413,4511,73.0,211.0,26,5.0
865.0,1.0,2021,104.0,4963,42,444,4949,73.0,211.0,27,8.0
1160.0,1.0,2022,132.0,3710,19,335,3710,73.0,211.0,28,9.0
1252.0,1.0,2023,130.0,4011,29,355,4011,73.0,211.0,29,5.0
45.0,2.0,2021,9.0,4526,39,402,4526,69.0,212.0,22,0.0
210.0,2.0,2022,26.0,3890,28,364,3896,69.0,212.0,23,1.0
0.0,3.0,2023,2.0,3882,19,355,3882,69.0,212.0,24,0.0
916.0,2.0,2021,121.0,3884,25,396,3874,72.0,202.0,22,5.0
1175.0,1.0,2022,146.0,4444,32,383,4430,72.0,202.0,23,6.0
1515.0,1.0,2023,165.0,4606,33,408,4606,72.0,202.0,24,11.0
18.0,3.0,2012,4.0,4671,39,402,4664,72.0,200.0,27,0.0
200.0,2.0,2013,29.0,5572,57,461,5572,72.0,200.0,28,3.0
47.0,2.0,2014,15.0,4779,41,399,4779,72.0,200.0,29,0.0
72.0,2.0,2015,22.0,4216,22,368,4216,72.0,200.0,30,2.0
11.0,3.0,2012,2.0,4992,32,434,4992,76.0,210.0,24,0.0
120.0,2.0,2017,23.0,3065,18,288,3065,76.0,210.0,29,3.0
162.0,2.0,2018,24.0,3052,19,270,3052,76.0,210.0,30,0.0
1598.0,1.0,2012,163.0,4046,22,354,4046,75.0,229.0,31,4.0
1407.0,1.0,2013,181.0,4183,25,371,4183,75.0,229.0,32,6.0
936.0,1.0,2014,147.0,3460,24,295,3460,75.0,229.0,33,4.0
503.0,1.0,2015,78.0,3928,27,355,3928,75.0,229.0,34,4.0
85.0,2.0,2016,23.0,3720,33,307,3720,75.0,229.0,35,2.0
56.0,2.0,2019,17.0,4648,26,394,4648,74.0,200.0,25,0.0
759.0,2.0,2012,114.0,3383,17,337,3383,71.0,195.0,24,6.0
471.0,2.0,2013,76.0,4291,25,363,4291,71.0,195.0,25,2.0
453.0,1.0,2014,73.0,4461,22,364,4461,71.0,195.0,26,2.0
135.0,2.0,2015,21.0,4294,32,386,4294,71.0,195.0,27,0.0
188.0,2.0,2016,25.0,4327,25,388,4327,71.0,195.0,28,1.0
12.0,2.0,2017,4.0,4146,23,343,4146,71.0,195.0,29,0.0
79.0,1.0,2018,18.0,3404,21,299,3404,71.0,195.0,30,1.0
20.0,2.0,2019,7.0,3476,22,299,3476,71.0,195.0,31,0.0
34.0,1.0,2020,5.0,4786,40,410,4786,71.0,195.0,32,0.0
35.0,2.0,2021,2.0,5014,41,443,5014,71.0,195.0,33,0.0
116.0,2.0,2023,25.0,4257,28,420,4257,75.0,205.0,24,4.0
189.0,2.0,2019,13.0,3797,23,355,3797,69.0,188.0,23,1.0
224.0,2.0,2020,35.0,4102,30,387,4102,69.0,188.0,24,3.0
13.0,2.0,2021,1.0,4619,28,415,4603,69.0,188.0,25,0.0
21.0,2.0,2022,5.0,3966,19,433,3966,69.0,188.0,26,0.0
80.0,2.0,2018,24.0,3844,24,375,3844,73.0,217.0,24,1.0
923.0,1.0,2012,113.0,3996,25,334,3996,73.0,220.0,32,5.0
1179.0,1.0,2013,129.0,3210,21,244,3210,73.0,220.0,33,7.0
1062.0,1.0,2014,131.0,3407,22,292,3407,73.0,220.0,34,5.0
789.0,1.0,2015,112.0,3646,18,322,3646,73.0,220.0,35,5.0
584.0,1.0,2016,95.0,4327,25,388,4327,73.0,220.0,36,9.0
12.0,3.0,2012,9.0,3425,15,293,3425,70.0,185.0,29,0.0
423.0,2.0,2018,54.0,3747,29,344,3747,71.0,190.0,24,7.0
656.0,2.0,2019,85.0,3573,20,371,3573,71.0,190.0,25,2.0
485.0,2.0,2020,76.0,3925,28,402,3925,71.0,190.0,26,2.0
25.0,2.0,2021,12.0,3630,21,354,3630,71.0,190.0,27,1.0
135.0,2.0,2021,23.0,3619,22,320,3606,72.0,195.0,21,1.0
51.0,2.0,2022,10.0,3710,19,335,3710,72.0,195.0,22,0.0
2.0,2.0,2023,2.0,4606,33,408,4606,74.0,199.0,24,0.0
208.0,2.0,2021,32.0,4619,28,415,4603,76.0,206.0,24,3.0
787.0,2.0,2012,106.0,4012,30,354,4010,70.0,185.0,24,5.0
1443.0,1.0,2013,166.0,4306,30,377,4252,70.0,185.0,25,8.0
1700.0,1.0,2014,182.0,4997,33,411,5013,70.0,185.0,26,13.0
1845.0,1.0,2015,197.0,4822,26,391,4832,70.0,185.0,27,10.0
1284.0,1.0,2016,157.0,4377,33,381,4377,70.0,185.0,28,12.0
1535.0,1.0,2017,165.0,4534,31,384,4534,70.0,185.0,29,11.0
1297.0,1.0,2018,168.0,5174,36,459,5131,70.0,185.0,30,15.0
56.0,2.0,2019,8.0,4153,29,378,4153,70.0,185.0,31,1.0
483.0,2.0,2020,62.0,4776,44,410,4776,70.0,185.0,32,4.0
545.0,2.0,2021,62.0,5383,45,492,5383,70.0,185.0,33,4.0
588.0,2.0,2018,82.0,4261,31,353,4261,71.0,200.0,21,7.0
89.0,2.0,2019,15.0,3847,23,318,3847,71.0,200.0,22,0.0
20.0,3.0,2020,4.0,3937,25,370,3937,71.0,200.0,23,0.0
3.0,2.0,2020,7.0,3796,17,389,3796,76.0,220.0,22,0.0
82.0,2.0,2017,13.0,3501,20,323,3511,72.0,205.0,24,0.0
277.0,2.0,2012,40.0,3807,32,335,3807,75.0,211.0,23,1.0
26.0,2.0,2012,6.0,4144,30,311,4144,74.0,228.0,24,0.0
116.0,3.0,2016,10.0,3925,27,369,3925,74.0,228.0,28,1.0
12.0,2.0,2017,2.0,3716,22,316,3716,74.0,228.0,29,0.0
17.0,3.0,2019,2.0,3314,24,307,3314,74.0,215.0,22,0.0
53.0,2.0,2020,6.0,4186,25,371,4186,74.0,215.0,23,0.0
173.0,2.0,2021,22.0,3588,28,324,3578,74.0,215.0,24,2.0
207.0,2.0,2022,22.0,3855,22,398,3854,74.0,215.0,25,1.0
35.0,3.0,2018,12.0,3569,28,331,3569,77.0,228.0,21,0.0
575.0,1.0,2019,80.0,3994,23,356,3994,77.0,228.0,22,2.0
150.0,2.0,2020,22.0,3793,20,372,3793,77.0,228.0,23,0.0
39.0,2.0,2021,4.0,4806,38,384,4806,77.0,228.0,24,1.0
97.0,2.0,2018,14.0,4174,33,381,4174,73.0,195.0,25,2.0
9.0,3.0,2019,4.0,4431,36,418,4431,73.0,195.0,26,0.0
27.0,3.0,2020,4.0,3945,28,370,3945,73.0,195.0,27,1.0
6.0,2.0,2012,1.0,4374,26,339,4374,72.0,204.0,27,0.0
63.0,3.0,2013,11.0,4343,26,380,4343,72.0,204.0,28,0.0
91.0,2.0,2020,11.0,3336,13,321,3336,74.0,215.0,23,0.0
13.0,3.0,2022,4.0,3506,19,347,3506,70.0,185.0,24,0.0
29.0,1.0,2023,7.0,4300,27,361,4298,70.0,185.0,25,0.0
58.0,2.0,2012,9.0,3234,29,259,3228,73.0,204.0,29,0.0
8.0,3.0,2013,1.0,3270,19,266,3270,73.0,204.0,30,0.0
133.0,2.0,2021,20.0,4893,45,406,4893,75.0,224.0,24,0.0
376.0,2.0,2022,61.0,3506,19,347,3506,75.0,224.0,25,0.0
66.0,2.0,2023,12.0,4300,27,361,4298,75.0,224.0,26,1.0
203.0,3.0,2015,25.0,4216,22,368,4216,73.0,212.0,24,0.0
145.0,2.0,2016,24.0,3914,21,339,3914,73.0,212.0,25,2.0
350.0,2.0,2017,56.0,3668,22,332,3668,73.0,212.0,26,4.0
199.0,3.0,2018,27.0,4405,24,382,4405,73.0,212.0,27,1.0
195.0,2.0,2019,37.0,4070,34,376,4064,73.0,212.0,28,0.0
11.0,2.0,2020,6.0,3945,28,370,3945,73.0,212.0,29,0.0
21.0,2.0,2017,2.0,4607,27,378,4613,69.0,175.0,26,0.0
218.0,2.0,2023,24.0,4210,32,374,4210,71.0,189.0,24,1.0
18.0,3.0,2017,1.0,4607,27,378,4613,69.0,186.0,22,1.0
52.0,3.0,2018,5.0,5358,40,408,5358,69.0,186.0,23,0.0
35.0,2.0,2019,11.0,5127,40,382,5127,69.0,186.0,24,1.0
152.0,3.0,2012,22.0,3430,26,309,3430,74.0,213.0,29,2.0
27.0,3.0,2013,2.0,4406,33,310,4408,74.0,213.0,30,0.0
11.0,2.0,2014,3.0,4581,29,384,4581,74.0,213.0,31,0.0
37.0,2.0,2016,7.0,3313,20,312,3313,70.0,205.0,24,0.0
11.0,3.0,2016,1.0,4139,21,347,4139,69.0,197.0,23,0.0
550.0,2.0,2014,69.0,4952,37,456,4952,70.0,189.0,21,3.0
1138.0,2.0,2015,129.0,5205,34,460,5205,70.0,189.0,22,9.0
1173.0,1.0,2016,117.0,5258,41,472,5258,70.0,189.0,23,8.0
1084.0,1.0,2017,115.0,4619,34,389,4619,70.0,189.0,24,7.0
1204.0,1.0,2018,117.0,4730,33,368,4730,70.0,189.0,25,5.0
583.0,1.0,2019,73.0,4669,26,397,4669,70.0,189.0,26,2.0
1143.0,1.0,2020,119.0,4843,34,383,4821,70.0,189.0,27,6.0
1035.0,1.0,2021,134.0,3630,21,354,3630,70.0,189.0,28,6.0
699.0,1.0,2022,93.0,3642,26,352,3642,70.0,189.0,29,4.0
659.0,1.0,2023,82.0,4660,37,428,4660,70.0,189.0,30,8.0
751.0,2.0,2020,96.0,4320,28,371,4317,72.0,200.0,22,5.0
836.0,1.0,2021,86.0,4437,26,343,4429,72.0,200.0,23,5.0
1015.0,2.0,2022,114.0,4049,30,338,4049,72.0,200.0,24,8.0
1342.0,1.0,2023,105.0,4577,34,336,4577,72.0,200.0,25,7.0
454.0,2.0,2015,49.0,5205,34,460,5205,78.0,225.0,23,2.0
281.0,2.0,2016,38.0,5258,41,472,5258,78.0,225.0,24,3.0
364.0,2.0,2017,37.0,4334,24,386,4334,78.0,225.0,25,4.0
326.0,2.0,2013,43.0,3966,26,357,3966,72.0,210.0,26,4.0
295.0,2.0,2014,51.0,4066,27,394,4064,72.0,210.0,27,1.0
42.0,2.0,2022,14.0,4007,20,345,4007,74.0,195.0,24,2.0
286.0,2.0,2023,31.0,3566,29,337,3566,74.0,195.0,25,4.0
677.0,2.0,2012,76.0,3927,22,284,3920,75.0,210.0,26,5.0
627.0,1.0,2013,85.0,3379,24,292,3379,75.0,210.0,27,5.0
953.0,2.0,2014,119.0,4291,36,392,4291,75.0,210.0,28,9.0
515.0,2.0,2015,74.0,4812,38,404,4812,75.0,210.0,29,0.0
862.0,1.0,2016,107.0,4206,18,364,4206,75.0,210.0,30,6.0
548.0,1.0,2017,89.0,3386,26,304,3378,75.0,210.0,31,3.0
911.0,1.0,2012,130.0,4844,35,402,4844,72.0,200.0,31,4.0
294.0,2.0,2014,35.0,3407,22,292,3407,72.0,200.0,33,2.0
1508.0,1.0,2012,195.0,3298,23,287,3298,77.0,232.0,28,12.0
1299.0,1.0,2013,165.0,4450,39,373,4450,77.0,232.0,29,13.0
721.0,1.0,2014,106.0,4035,32,396,4035,77.0,232.0,30,8.0
1502.0,1.0,2015,173.0,4170,34,362,4170,77.0,232.0,31,14.0
792.0,1.0,2016,128.0,3645,19,311,3641,77.0,232.0,32,4.0
154.0,1.0,2017,33.0,3680,21,373,3680,77.0,232.0,33,0.0
136.0,2.0,2018,23.0,3448,37,280,3448,77.0,232.0,34,1.0
129.0,2.0,2018,17.0,3844,24,375,3844,68.0,181.0,22,0.0
69.0,1.0,2020,18.0,4620,27,408,4620,68.0,181.0,24,2.0
156.0,1.0,2022,32.0,3506,19,347,3506,68.0,181.0,26,0.0
324.0,2.0,2023,44.0,4700,31,424,4700,68.0,181.0,27,1.0
544.0,2.0,2012,59.0,4671,39,402,4664,72.0,194.0,36,5.0
115.0,2.0,2013,21.0,3914,23,363,3908,72.0,194.0,37,0.0
211.0,1.0,2012,25.0,3807,32,335,3807,73.0,195.0,25,3.0
6.0,2.0,2013,2.0,4318,35,364,4318,73.0,195.0,26,0.0
193.0,1.0,2014,26.0,3551,22,323,3551,73.0,195.0,27,1.0
59.0,2.0,2015,3.0,4104,33,334,4104,73.0,195.0,28,1.0
117.0,2.0,2016,11.0,3250,17,286,3228,73.0,195.0,29,0.0
81.0,1.0,2017,14.0,3065,18,288,3065,73.0,195.0,30,1.0
23.0,2.0,2018,2.0,4298,35,425,4298,74.0,215.0,25,0.0
106.0,2.0,2019,12.0,4134,18,382,4134,74.0,215.0,26,0.0
35.0,3.0,2020,4.0,4129,16,373,4123,74.0,215.0,27,0.0
250.0,2.0,2021,25.0,3573,16,348,3573,74.0,215.0,28,1.0
115.0,2.0,2019,13.0,3443,21,323,3455,69.0,185.0,24,0.0
394.0,1.0,2020,55.0,3115,19,292,3115,69.0,185.0,25,3.0
409.0,1.0,2021,65.0,3959,20,357,3919,69.0,185.0,26,2.0
145.0,1.0,2022,32.0,4040,15,357,4047,69.0,185.0,27,0.0
238.0,1.0,2023,33.0,4698,34,393,4698,69.0,185.0,28,2.0
99.0,2.0,2016,28.0,3418,16,347,3432,74.0,215.0,24,1.0
162.0,2.0,2017,29.0,3644,31,299,3644,74.0,215.0,25,1.0
199.0,2.0,2012,35.0,3234,29,259,3228,75.0,214.0,29,1.0
17.0,3.0,2022,3.0,4765,32,368,4765,73.0,190.0,23,0.0
499.0,2.0,2016,66.0,4343,20,439,4343,74.0,215.0,23,3.0
77.0,1.0,2017,35.0,3235,22,363,3235,74.0,215.0,24,0.0
340.0,2.0,2018,25.0,4261,31,353,4261,74.0,215.0,25,2.0
645.0,2.0,2019,70.0,5127,40,382,5127,74.0,215.0,26,7.0
505.0,1.0,2020,60.0,3115,19,292,3115,74.0,215.0,27,3.0
110.0,2.0,2022,19.0,4746,26,499,4732,74.0,215.0,29,1.0
1083.0,1.0,2012,131.0,3425,15,293,3425,74.0,200.0,26,1.0
1016.0,1.0,2013,133.0,3966,26,357,3966,74.0,200.0,27,5.0
485.0,1.0,2014,63.0,4066,27,394,4064,74.0,200.0,28,2.0
523.0,1.0,2015,77.0,4156,22,371,4156,74.0,200.0,29,2.0
564.0,2.0,2016,77.0,3313,20,312,3313,75.0,215.0,27,3.0
76.0,2.0,2017,8.0,4093,31,347,4093,75.0,215.0,28,0.0
18.0,2.0,2018,3.0,3287,19,311,3283,75.0,215.0,29,0.0
258.0,3.0,2015,26.0,3677,21,334,3677,75.0,211.0,25,0.0
219.0,2.0,2016,32.0,3799,25,325,3799,75.0,211.0,26,3.0
337.0,2.0,2017,24.0,3326,27,309,3308,75.0,211.0,27,3.0
60.0,2.0,2018,10.0,3309,29,292,3254,75.0,211.0,28,1.0
42.0,1.0,2023,6.0,4067,26,369,4067,68.0,173.0,26,0.0
136.0,3.0,2013,10.0,4291,25,363,4291,72.0,196.0,25,0.0
5.0,3.0,2015,1.0,4775,36,353,4775,72.0,196.0,27,0.0
82.0,2.0,2016,14.0,4425,30,383,4425,72.0,196.0,28,1.0
70.0,3.0,2017,9.0,3979,25,339,3979,72.0,196.0,29,0.0
62.0,2.0,2014,12.0,3407,22,292,3407,69.0,200.0,23,2.0
153.0,2.0,2015,19.0,3646,18,322,3646,69.0,200.0,24,0.0
330.0,2.0,2017,58.0,3644,31,299,3644,69.0,200.0,26,2.0
224.0,2.0,2018,42.0,4165,26,345,4165,69.0,200.0,27,1.0
193.0,1.0,2020,15.0,4383,31,369,4383,75.0,215.0,22,1.0
571.0,1.0,2021,60.0,4808,25,429,4808,75.0,215.0,23,3.0
15.0,2.0,2022,5.0,2927,17,257,2927,75.0,215.0,24,0.0
80.0,2.0,2016,12.0,3798,16,380,3798,72.0,185.0,22,0.0
79.0,2.0,2017,18.0,3537,19,312,3537,72.0,185.0,23,0.0
170.0,3.0,2019,16.0,4690,30,378,4667,73.0,203.0,26,1.0
160.0,3.0,2020,17.0,5005,40,420,5005,73.0,203.0,27,1.0
568.0,2.0,2021,60.0,4937,38,448,4928,73.0,203.0,28,5.0
135.0,2.0,2022,16.0,2598,21,223,2589,73.0,203.0,29,2.0
161.0,2.0,2023,22.0,4174,29,407,4174,73.0,203.0,30,0.0
31.0,2.0,2019,4.0,4023,26,364,4022,73.0,181.0,26,0.0
101.0,2.0,2020,16.0,3336,13,321,3336,73.0,181.0,27,0.0
51.0,2.0,2021,6.0,3463,18,351,3463,73.0,181.0,28,0.0
180.0,1.0,2023,30.0,3421,13,323,3414,69.0,162.0,24,1.0
1964.0,1.0,2012,204.0,5139,28,445,5139,77.0,237.0,27,6.0
1492.0,1.0,2013,158.0,4650,33,371,4650,77.0,237.0,28,13.0
1077.0,1.0,2014,128.0,4284,22,365,4284,77.0,237.0,29,8.0
1214.0,1.0,2015,149.0,4463,34,420,4463,77.0,237.0,30,10.0
821.0,2.0,2018,92.0,4949,39,428,4949,73.0,190.0,24,10.0
868.0,2.0,2019,95.0,5049,32,459,5049,73.0,190.0,25,7.0
1376.0,1.0,2020,145.0,4620,27,408,4620,73.0,190.0,26,9.0
281.0,1.0,2021,52.0,3987,23,377,3988,73.0,190.0,27,2.0
1018.0,1.0,2023,137.0,4377,23,412,4377,73.0,190.0,29,8.0
9.0,2.0,2018,1.0,3052,19,270,3052,72.0,201.0,23,0.0
27.0,3.0,2019,3.0,3205,21,298,3205,77.0,214.0,23,0.0
477.0,2.0,2020,48.0,3796,17,389,3796,77.0,214.0,24,1.0
211.0,2.0,2021,23.0,3746,23,356,3746,77.0,214.0,25,2.0
89.0,2.0,2022,18.0,3783,26,344,3783,77.0,214.0,26,0.0
82.0,2.0,2018,11.0,3255,17,293,3255,68.0,175.0,23,1.0
100.0,2.0,2020,13.0,3826,34,316,3826,68.0,175.0,25,1.0
15.0,2.0,2021,5.0,3745,23,359,3745,68.0,175.0,26,1.0
120.0,3.0,2015,16.0,3843,25,334,3843,75.0,207.0,23,0.0
888.0,2.0,2016,97.0,4139,21,347,4139,75.0,207.0,24,4.0
114.0,2.0,2018,10.0,4174,33,381,4174,75.0,207.0,26,1.0
979.0,2.0,2012,105.0,3746,25,328,3746,72.0,202.0,25,8.0
777.0,1.0,2013,125.0,3751,20,349,3751,72.0,202.0,26,4.0
557.0,1.0,2014,111.0,3451,20,325,3451,72.0,202.0,27,2.0
484.0,2.0,2015,75.0,4079,31,358,4079,72.0,202.0,28,3.0
152.0,2.0,2016,27.0,4165,31,355,4165,72.0,202.0,29,0.0
224.0,2.0,2023,44.0,4011,29,355,4011,75.0,215.0,23,1.0
46.0,2.0,2019,8.0,4902,30,388,4902,74.0,197.0,24,0.0
189.0,2.0,2020,28.0,4511,28,413,4511,74.0,197.0,25,2.0
604.0,2.0,2021,62.0,4963,42,444,4949,74.0,197.0,26,6.0
136.0,2.0,2022,18.0,4765,32,368,4765,74.0,197.0,27,0.0
296.0,2.0,2023,38.0,4698,34,393,4698,74.0,197.0,28,3.0
935.0,1.0,2020,111.0,4511,28,413,4511,74.0,200.0,21,5.0
1116.0,1.0,2021,121.0,4963,42,444,4949,74.0,200.0,22,6.0
1359.0,2.0,2022,156.0,3911,31,355,3911,74.0,200.0,23,9.0
1751.0,1.0,2023,182.0,4660,37,428,4660,74.0,200.0,24,12.0
39.0,2.0,2018,4.0,4298,35,425,4298,70.0,183.0,24,0.0
70.0,2.0,2019,2.0,3729,26,319,3725,70.0,183.0,25,0.0
201.0,2.0,2020,30.0,4265,37,349,4265,70.0,183.0,26,2.0
94.0,2.0,2017,17.0,3501,20,323,3511,74.0,202.0,22,0.0
258.0,2.0,2020,25.0,4843,34,383,4821,74.0,202.0,25,1.0
31.0,3.0,2017,7.0,3979,25,339,3979,74.0,204.0,23,0.0
171.0,1.0,2018,46.0,2884,19,283,2884,74.0,204.0,24,1.0
0.0,3.0,2019,1.0,3314,24,307,3314,74.0,204.0,25,0.0
475.0,2.0,2014,59.0,3566,19,322,3566,74.0,215.0,25,3.0
127.0,2.0,2015,13.0,3246,14,294,3246,74.0,215.0,26,0.0
232.0,1.0,2016,37.0,4119,20,414,4119,74.0,215.0,27,0.0
64.0,2.0,2023,9.0,4257,28,420,4257,72.0,183.0,25,0.0
186.0,2.0,2016,35.0,3645,19,311,3641,74.0,209.0,24,0.0
3.0,3.0,2017,1.0,3501,20,323,3511,74.0,209.0,25,0.0
25.0,2.0,2018,3.0,3404,21,299,3404,74.0,209.0,26,0.0
859.0,2.0,2020,112.0,4129,36,428,4115,76.0,238.0,22,9.0
848.0,1.0,2021,105.0,4017,24,425,4005,76.0,238.0,23,2.0
457.0,1.0,2022,79.0,2598,21,223,2589,76.0,238.0,24,1.0
77.0,2.0,2023,21.0,4698,34,393,4698,76.0,238.0,25,1.0
289.0,2.0,2012,41.0,3178,16,272,3178,76.0,225.0,27,2.0
276.0,2.0,2016,34.0,4491,35,370,4494,72.0,184.0,22,0.0
284.0,2.0,2017,37.0,3226,19,285,3226,72.0,184.0,23,1.0
489.0,2.0,2018,74.0,4595,42,432,4595,72.0,184.0,24,2.0
179.0,1.0,2019,28.0,3314,24,307,3314,72.0,184.0,25,2.0
301.0,1.0,2021,43.0,3745,23,359,3745,72.0,184.0,27,1.0
199.0,3.0,2015,31.0,3493,21,310,3493,75.0,205.0,23,1.0
530.0,1.0,2016,69.0,3914,20,365,3925,75.0,205.0,24,0.0
175.0,1.0,2017,16.0,4326,26,363,4326,75.0,205.0,25,0.0
334.0,2.0,2018,52.0,5126,52,385,5126,75.0,205.0,26,5.0
777.0,2.0,2019,93.0,4023,26,364,4022,75.0,205.0,27,5.0
471.0,1.0,2020,63.0,3955,25,387,3955,75.0,205.0,28,2.0
323.0,1.0,2021,37.0,3630,21,354,3630,75.0,205.0,29,2.0
46.0,2.0,2022,7.0,3227,19,285,3227,75.0,205.0,30,0.0
69.0,3.0,2023,6.0,4577,34,336,4577,75.0,205.0,31,0.0
353.0,2.0,2015,54.0,4449,25,426,4439,72.0,203.0,26,1.0
525.0,2.0,2017,55.0,4607,27,378,4613,73.0,209.0,21,1.0
844.0,2.0,2018,97.0,5358,40,408,5358,73.0,209.0,22,7.0
1335.0,1.0,2019,122.0,5127,40,382,5127,73.0,209.0,23,9.0
840.0,1.0,2020,84.0,4776,44,410,4776,73.0,209.0,24,7.0
1103.0,1.0,2021,127.0,5383,45,492,5383,73.0,209.0,25,6.0
1021.0,1.0,2022,145.0,4746,26,499,4732,73.0,209.0,26,3.0
1026.0,1.0,2023,131.0,4044,28,364,4044,73.0,209.0,27,2.0
6.0,3.0,2015,3.0,4812,38,404,4812,71.0,185.0,22,0.0
133.0,2.0,2016,21.0,3166,21,287,3166,71.0,185.0,23,0.0
83.0,3.0,2013,17.0,3373,19,299,3373,73.0,210.0,25,0.0
433.0,3.0,2014,61.0,3856,25,363,3863,73.0,210.0,26,4.0
450.0,2.0,2015,59.0,3600,25,295,3600,73.0,210.0,27,2.0
680.0,1.0,2016,58.0,4456,32,368,4456,73.0,210.0,28,4.0
439.0,1.0,2017,59.0,4619,34,389,4619,73.0,210.0,29,5.0
532.0,1.0,2018,55.0,4405,29,378,4405,73.0,210.0,30,3.0
67.0,2.0,2019,15.0,4134,18,382,4134,73.0,210.0,31,0.0
118.0,1.0,2020,26.0,3115,19,292,3115,73.0,210.0,32,1.0
41.0,3.0,2021,8.0,3437,32,293,3437,73.0,210.0,33,1.0
0.0,3.0,2018,1.0,3844,24,375,3844,75.0,205.0,22,0.0
60.0,2.0,2019,10.0,4187,29,344,4187,75.0,205.0,23,0.0
46.0,2.0,2016,16.0,4343,20,439,4343,73.0,200.0,23,0.0
248.0,2.0,2017,38.0,3235,22,363,3235,73.0,200.0,24,5.0
196.0,2.0,2018,25.0,3708,19,334,3718,73.0,200.0,25,1.0
21.0,2.0,2019,5.0,3350,37,289,3350,73.0,200.0,26,0.0
227.0,2.0,2021,22.0,3630,21,354,3630,73.0,200.0,28,2.0
548.0,2.0,2022,74.0,3642,26,352,3642,73.0,200.0,29,2.0
424.0,2.0,2023,35.0,3512,16,304,3512,73.0,200.0,30,0.0
1044.0,3.0,2022,120.0,3969,27,338,3969,72.0,187.0,22,5.0
1125.0,1.0,2023,139.0,4225,30,406,4225,72.0,187.0,23,5.0
84.0,2.0,2017,6.0,3644,31,299,3644,72.0,175.0,23,0.0
91.0,3.0,2019,25.0,5049,32,459,5049,73.0,181.0,23,0.0
141.0,2.0,2020,18.0,4620,27,408,4620,73.0,181.0,24,0.0
25.0,2.0,2021,9.0,3987,23,377,3988,73.0,181.0,25,0.0
590.0,2.0,2018,69.0,2884,19,283,2884,71.0,200.0,22,3.0
710.0,1.0,2019,108.0,3797,23,355,3797,71.0,200.0,23,3.0
621.0,1.0,2020,79.0,4102,30,387,4102,71.0,200.0,24,6.0
998.0,1.0,2021,103.0,4619,28,415,4603,71.0,200.0,25,5.0
1093.0,2.0,2022,134.0,4148,25,394,4151,71.0,200.0,26,8.0
787.0,1.0,2023,85.0,4377,23,412,4377,71.0,200.0,27,3.0
611.0,2.0,2022,66.0,3890,28,364,3896,76.0,208.0,23,7.0
422.0,1.0,2023,53.0,4210,32,374,4210,76.0,208.0,24,5.0
234.0,3.0,2016,28.0,4377,33,381,4377,74.0,201.0,26,2.0
8.0,3.0,2017,6.0,3644,31,299,3644,74.0,201.0,27,0.0
200.0,3.0,2016,27.0,4206,18,364,4206,75.0,205.0,22,0.0
0.0,2.0,2017,4.0,3386,26,304,3378,75.0,205.0,23,0.0
162.0,3.0,2018,29.0,3569,28,331,3569,75.0,205.0,24,1.0
28.0,3.0,2019,5.0,4070,34,376,4064,75.0,205.0,25,0.0
13.0,2.0,2019,2.0,3956,29,297,3956,76.0,220.0,26,0.0
12.0,2.0,2020,1.0,3826,34,316,3826,76.0,220.0,27,0.0
54.0,2.0,2022,5.0,3227,19,285,3227,76.0,220.0,29,0.0
23.0,2.0,2014,4.0,4779,41,399,4779,73.0,222.0,22,0.0
59.0,2.0,2015,11.0,4216,22,368,4216,73.0,222.0,23,1.0
76.0,2.0,2016,15.0,3914,21,339,3914,73.0,222.0,24,0.0
289.0,2.0,2017,32.0,3668,22,332,3668,73.0,222.0,25,2.0
190.0,2.0,2018,16.0,4405,24,382,4405,73.0,222.0,26,1.0
300.0,2.0,2019,42.0,4070,34,376,4064,73.0,222.0,27,2.0
10.0,2.0,2023,1.0,4167,23,371,4167,74.0,205.0,27,0.0
33.0,2.0,2021,6.0,4017,24,425,4005,75.0,215.0,23,0.0
128.0,3.0,2012,24.0,4992,32,434,4992,68.0,174.0,23,0.0
368.0,2.0,2013,54.0,4226,33,375,4226,68.0,174.0,24,2.0
420.0,2.0,2014,49.0,4008,38,328,4008,68.0,174.0,25,4.0
536.0,1.0,2015,75.0,3677,21,334,3677,68.0,174.0,26,6.0
833.0,2.0,2016,98.0,3799,25,325,3799,68.0,174.0,27,5.0
314.0,1.0,2017,63.0,3326,27,309,3308,68.0,174.0,28,5.0
672.0,1.0,2018,87.0,3885,23,356,3885,68.0,174.0,29,3.0
782.0,1.0,2019,108.0,3476,22,299,3476,68.0,174.0,30,7.0
967.0,1.0,2020,108.0,4786,40,410,4786,68.0,174.0,31,4.0
695.0,1.0,2021,113.0,4450,36,415,4450,68.0,174.0,32,1.0
35.0,2.0,2022,7.0,4291,35,361,4291,68.0,174.0,33,0.0
274.0,2.0,2020,33.0,3955,25,387,3955,78.0,222.0,23,2.0
105.0,3.0,2021,21.0,3463,18,351,3463,78.0,222.0,24,1.0
11.0,3.0,2023,1.0,3421,23,321,3421,78.0,222.0,26,0.0
3.0,3.0,2023,2.0,3512,16,304,3512,75.0,212.0,24,0.0
882.0,2.0,2017,94.0,4023,29,320,4019,74.0,207.0,24,5.0
566.0,1.0,2018,55.0,4730,33,368,4730,74.0,207.0,25,6.0
1161.0,1.0,2019,135.0,4669,26,397,4669,74.0,207.0,26,10.0
978.0,1.0,2020,124.0,4183,22,392,4179,74.0,207.0,27,4.0
1949.0,1.0,2021,192.0,4893,45,406,4893,74.0,207.0,28,17.0
812.0,2.0,2022,98.0,3506,19,347,3506,74.0,207.0,29,8.0
739.0,1.0,2023,97.0,4300,27,361,4298,74.0,207.0,30,6.0
296.0,2.0,2014,36.0,3828,24,327,3820,71.0,190.0,23,2.0
447.0,2.0,2015,54.0,3873,35,300,3873,71.0,190.0,24,4.0
271.0,2.0,2016,54.0,3962,25,306,3957,71.0,190.0,25,1.0
413.0,2.0,2016,73.0,3693,17,338,3693,71.0,185.0,22,3.0
305.0,1.0,2017,58.0,3537,19,312,3537,71.0,185.0,23,2.0
71.0,2.0,2018,8.0,4405,24,382,4405,71.0,185.0,24,0.0
375.0,1.0,2017,65.0,3394,17,306,3394,75.0,209.0,22,0.0
891.0,1.0,2018,112.0,3255,17,293,3255,75.0,209.0,23,4.0
601.0,1.0,2019,69.0,3956,29,297,3956,75.0,209.0,24,2.0
984.0,1.0,2020,92.0,3826,34,316,3826,75.0,209.0,25,5.0
492.0,1.0,2021,59.0,3959,20,357,3919,75.0,209.0,26,4.0
536.0,1.0,2022,64.0,4040,15,357,4047,75.0,209.0,27,2.0
52.0,2.0,2014,8.0,4470,33,383,4470,76.0,214.0,23,1.0
715.0,2.0,2018,85.0,3930,19,367,3928,76.0,216.0,23,4.0
1112.0,1.0,2019,124.0,3401,17,312,3401,76.0,216.0,24,6.0
66.0,1.0,2020,6.0,3673,24,317,3673,76.0,216.0,25,0.0
778.0,1.0,2021,100.0,3856,21,354,3856,76.0,216.0,26,2.0
829.0,1.0,2022,109.0,4007,20,345,4007,76.0,216.0,27,2.0
772.0,1.0,2023,91.0,3566,29,337,3566,76.0,216.0,28,10.0
115.0,2.0,2017,26.0,3319,23,293,3319,71.0,195.0,21,0.0
494.0,2.0,2018,65.0,4071,29,378,4071,71.0,195.0,22,5.0
627.0,1.0,2019,105.0,4134,18,382,4134,71.0,195.0,23,6.0
854.0,2.0,2020,97.0,4129,16,373,4123,71.0,195.0,24,3.0
27.0,1.0,2021,9.0,3746,23,356,3746,71.0,195.0,25,0.0
656.0,1.0,2022,93.0,3783,26,344,3783,71.0,195.0,26,4.0
613.0,1.0,2023,91.0,4174,29,407,4174,71.0,195.0,27,4.0
3.0,3.0,2019,1.0,5127,40,382,5127,71.0,178.0,26,0.0
0.0,3.0,2020,3.0,4776,44,410,4776,71.0,178.0,27,0.0
212.0,3.0,2021,12.0,5383,45,492,5383,71.0,178.0,28,2.0
64.0,2.0,2021,20.0,3815,31,324,3815,69.0,190.0,24,1.0
58.0,2.0,2022,13.0,4282,31,399,4282,69.0,190.0,25,0.0
0.0,2.0,2023,1.0,4167,23,371,4167,69.0,190.0,26,0.0
174.0,2.0,2018,32.0,3431,16,329,3423,75.0,200.0,22,0.0
1010.0,1.0,2019,120.0,4023,26,364,4022,75.0,200.0,23,8.0
706.0,1.0,2020,94.0,3955,25,387,3955,75.0,200.0,24,5.0
154.0,1.0,2021,23.0,3674,14,361,3674,75.0,200.0,25,2.0
502.0,1.0,2022,52.0,4444,32,383,4430,75.0,200.0,26,3.0
525.0,1.0,2023,66.0,3245,17,350,3245,75.0,200.0,27,5.0
36.0,3.0,2021,6.0,3959,20,357,3919,73.0,201.0,25,0.0
56.0,2.0,2023,8.0,3882,19,355,3882,73.0,201.0,27,1.0
788.0,2.0,2018,82.0,4071,29,378,4071,71.0,210.0,21,2.0
1175.0,1.0,2019,136.0,4134,18,382,4134,71.0,210.0,22,4.0
1193.0,1.0,2020,118.0,4129,16,373,4123,71.0,210.0,23,4.0
1159.0,1.0,2021,164.0,3573,16,348,3573,71.0,210.0,24,4.0
892.0,1.0,2022,118.0,3246,18,267,3226,71.0,210.0,25,7.0
1364.0,1.0,2023,138.0,3421,23,321,3421,71.0,210.0,26,8.0
0.0,2.0,2022,1.0,4182,31,359,4182,69.0,205.0,25,0.0
902.0,1.0,2019,102.0,4110,35,341,4110,76.0,235.0,22,8.0
1303.0,1.0,2020,129.0,4245,41,388,4245,76.0,235.0,23,10.0
967.0,1.0,2021,129.0,3815,31,324,3815,76.0,235.0,24,12.0
1048.0,1.0,2022,142.0,4282,31,399,4282,76.0,235.0,25,6.0
1114.0,1.0,2023,119.0,4167,23,371,4167,76.0,235.0,26,8.0
22.0,3.0,2019,3.0,4070,34,376,4064,72.0,205.0,24,0.0
192.0,2.0,2013,23.0,3952,25,350,3952,75.0,215.0,22,2.0
243.0,2.0,2018,46.0,3930,19,367,3928,73.0,206.0,23,2.0
297.0,2.0,2019,52.0,3401,17,312,3401,73.0,206.0,24,1.0
293.0,2.0,2020,44.0,3673,24,317,3673,73.0,206.0,25,2.0
324.0,2.0,2012,45.0,3577,22,318,3585,73.0,200.0,24,2.0
178.0,2.0,2013,23.0,3710,24,328,3710,73.0,200.0,25,0.0
16.0,1.0,2016,1.0,3962,25,306,3957,69.0,175.0,23,0.0
105.0,2.0,2017,17.0,3319,23,293,3319,69.0,175.0,24,2.0
8.0,2.0,2018,2.0,4071,29,378,4071,69.0,175.0,25,0.0
359.0,2.0,2019,46.0,3797,23,355,3797,69.0,175.0,26,1.0
604.0,2.0,2020,77.0,3124,14,283,3124,69.0,175.0,27,1.0
331.0,2.0,2021,39.0,3635,18,332,3635,69.0,175.0,28,1.0
268.0,2.0,2022,23.0,2927,17,257,2927,69.0,175.0,29,2.0
144.0,2.0,2018,21.0,4261,31,353,4261,74.0,200.0,23,0.0
200.0,3.0,2019,24.0,3847,23,318,3847,74.0,200.0,24,1.0
63.0,2.0,2020,10.0,3336,13,321,3336,74.0,200.0,25,0.0
82.0,2.0,2019,16.0,3994,23,356,3994,75.0,204.0,22,0.0
0.0,3.0,2016,2.0,4139,21,347,4139,70.0,185.0,23,0.0
633.0,1.0,2013,83.0,4343,26,380,4343,71.0,185.0,28,2.0
200.0,2.0,2014,42.0,4291,36,392,4291,71.0,185.0,29,1.0
648.0,1.0,2015,87.0,4812,38,404,4812,71.0,185.0,30,4.0
243.0,1.0,2016,29.0,4456,32,368,4456,71.0,185.0,31,4.0
659.0,2.0,2017,86.0,4619,34,389,4619,71.0,185.0,32,2.0
575.0,1.0,2018,79.0,3309,29,292,3254,71.0,185.0,33,1.0
678.0,1.0,2019,97.0,4187,29,344,4187,71.0,185.0,34,2.0
602.0,1.0,2020,69.0,4397,30,374,4397,71.0,185.0,35,1.0
250.0,2.0,2021,39.0,3630,21,354,3630,71.0,185.0,36,3.0
10.0,2.0,2022,7.0,4049,30,338,4049,72.0,200.0,23,0.0
467.0,2.0,2018,45.0,4247,30,331,4247,73.0,195.0,23,5.0
109.0,2.0,2019,24.0,4029,30,331,4029,73.0,195.0,24,2.0
76.0,2.0,2020,6.0,4320,28,371,4317,73.0,195.0,25,1.0
87.0,2.0,2021,16.0,3463,18,351,3463,73.0,195.0,26,1.0
245.0,2.0,2022,42.0,2598,21,223,2589,73.0,195.0,27,3.0
24.0,3.0,2022,2.0,4282,31,399,4282,74.0,224.0,23,0.0
117.0,3.0,2015,21.0,4156,22,371,4156,70.0,180.0,23,0.0
101.0,2.0,2018,15.0,3255,17,293,3255,70.0,180.0,26,0.0
17.0,2.0,2019,5.0,3956,29,297,3956,70.0,180.0,27,0.0
746.0,2.0,2019,85.0,4070,34,376,4064,73.0,198.0,22,8.0
751.0,2.0,2020,96.0,3336,13,321,3336,73.0,198.0,23,3.0
339.0,2.0,2021,58.0,3463,18,351,3463,73.0,198.0,24,2.0
724.0,2.0,2022,71.0,3431,17,346,3431,73.0,198.0,25,2.0
770.0,2.0,2023,79.0,3351,17,338,3351,73.0,198.0,26,4.0
633.0,2.0,2020,99.0,3925,28,402,3925,71.0,177.0,23,4.0
1055.0,1.0,2021,141.0,3635,18,332,3635,71.0,177.0,24,5.0
493.0,1.0,2022,62.0,2598,21,223,2589,71.0,177.0,25,2.0
414.0,1.0,2023,61.0,3421,23,321,3421,71.0,177.0,26,2.0
311.0,1.0,2013,66.0,3952,25,350,3952,74.0,210.0,26,1.0
33.0,3.0,2014,5.0,4997,33,411,5013,74.0,210.0,27,0.0
314.0,2.0,2015,40.0,4822,26,391,4832,74.0,210.0,28,2.0
114.0,2.0,2016,19.0,4377,33,381,4377,74.0,210.0,29,2.0
47.0,2.0,2017,3.0,4534,31,384,4534,74.0,210.0,30,0.0
9.0,3.0,2018,2.0,5174,36,459,5131,74.0,210.0,31,0.0
1.0,2.0,2019,2.0,4017,26,356,4017,71.0,186.0,24,0.0
46.0,2.0,2020,8.0,4299,49,372,4299,71.0,186.0,25,0.0
8.0,2.0,2018,2.0,3287,19,311,3283,72.0,180.0,23,0.0
23.0,2.0,2020,3.0,4186,25,371,4186,74.0,210.0,25,0.0
446.0,2.0,2014,66.0,4447,38,349,4447,73.0,215.0,22,3.0
495.0,1.0,2015,95.0,3825,34,348,3853,73.0,215.0,23,1.0
999.0,2.0,2016,123.0,4445,41,403,4445,73.0,215.0,24,12.0
885.0,2.0,2017,118.0,3532,27,352,3532,73.0,215.0,25,10.0
1388.0,1.0,2018,170.0,4629,26,392,4629,73.0,215.0,26,13.0
999.0,1.0,2019,128.0,4017,26,356,4017,73.0,215.0,27,5.0
1374.0,1.0,2020,149.0,4299,49,372,4299,73.0,215.0,28,19.0
1553.0,1.0,2021,169.0,4526,39,402,4526,73.0,215.0,29,11.0
1516.0,1.0,2022,181.0,4182,31,359,4182,73.0,215.0,30,15.0
1149.0,1.0,2023,175.0,3666,21,348,3661,73.0,215.0,31,9.0
214.0,2.0,2022,35.0,3710,19,335,3710,73.0,212.0,22,0.0
167.0,2.0,2023,23.0,4011,29,355,4011,73.0,212.0,23,3.0
445.0,2.0,2018,53.0,3448,37,280,3448,72.0,220.0,23,6.0
301.0,2.0,2019,34.0,4110,35,341,4110,72.0,220.0,24,2.0
417.0,2.0,2020,47.0,4245,41,388,4245,72.0,220.0,25,6.0
0.0,3.0,2021,2.0,3856,21,354,3856,72.0,220.0,26,0.0
31.0,2.0,2012,5.0,3430,26,309,3430,77.0,215.0,26,1.0
423.0,2.0,2013,61.0,3270,19,266,3270,77.0,215.0,27,4.0
65.0,2.0,2014,17.0,3206,19,287,3206,77.0,215.0,28,0.0
106.0,2.0,2022,17.0,3431,17,346,3431,75.0,211.0,26,0.0
17.0,3.0,2021,3.0,3630,21,354,3630,71.0,195.0,25,0.0
778.0,2.0,2012,105.0,3425,15,293,3425,70.0,195.0,27,1.0
364.0,2.0,2013,87.0,4372,29,379,4372,70.0,195.0,28,2.0
83.0,2.0,2021,14.0,3746,23,356,3746,73.0,200.0,22,0.0
37.0,2.0,2022,7.0,3783,26,344,3783,73.0,200.0,23,1.0
140.0,1.0,2015,24.0,3493,21,310,3493,68.0,176.0,22,1.0
35.0,2.0,2016,9.0,3914,20,365,3925,68.0,176.0,23,0.0
143.0,2.0,2017,16.0,4326,26,363,4326,68.0,176.0,24,2.0
29.0,2.0,2018,5.0,5126,52,385,5126,68.0,176.0,25,1.0
6.0,2.0,2019,2.0,3350,37,289,3350,68.0,176.0,26,0.0
216.0,1.0,2018,25.0,4165,26,345,4165,68.0,190.0,25,0.0
162.0,1.0,2019,14.0,4083,28,355,4083,68.0,190.0,26,0.0
8.0,2.0,2020,2.0,4843,34,383,4821,68.0,190.0,27,0.0
296.0,1.0,2021,44.0,3746,23,356,3746,68.0,190.0,28,3.0
538.0,1.0,2022,65.0,4791,27,485,4777,68.0,190.0,29,3.0
39.0,1.0,2023,7.0,3666,21,348,3661,68.0,190.0,30,0.0
802.0,2.0,2013,91.0,4183,25,371,4183,73.0,212.0,21,3.0
1210.0,1.0,2014,127.0,3460,24,295,3460,73.0,212.0,22,7.0
1523.0,1.0,2015,193.0,4079,31,358,4079,73.0,212.0,23,11.0
943.0,1.0,2016,151.0,3418,16,347,3432,73.0,212.0,24,4.0
1378.0,1.0,2017,174.0,3644,31,299,3644,73.0,212.0,25,14.0
1572.0,1.0,2018,163.0,4165,26,345,4165,73.0,212.0,26,11.0
1167.0,1.0,2019,151.0,4083,28,355,4083,73.0,212.0,27,7.0
1407.0,1.0,2020,161.0,4102,30,387,4102,73.0,212.0,28,6.0
572.0,1.0,2021,64.0,4619,28,415,4603,73.0,212.0,29,8.0
717.0,1.0,2022,98.0,3966,19,433,3966,73.0,212.0,30,4.0
1057.0,1.0,2023,137.0,3512,16,304,3512,73.0,212.0,31,7.0
18.0,2.0,2015,2.0,3646,18,322,3646,72.0,195.0,24,0.0
24.0,3.0,2017,7.0,3644,31,299,3644,72.0,195.0,26,0.0
51.0,2.0,2019,9.0,4134,18,382,4134,72.0,195.0,28,0.0
700.0,1.0,2012,88.0,4075,23,367,4060,70.0,175.0,26,3.0
1332.0,1.0,2013,126.0,4406,33,310,4408,70.0,175.0,27,9.0
1169.0,2.0,2014,95.0,4461,22,364,4461,70.0,175.0,28,6.0
528.0,1.0,2015,49.0,4294,32,386,4294,70.0,175.0,29,4.0
1005.0,1.0,2016,100.0,4948,28,407,4946,70.0,175.0,30,5.0
668.0,1.0,2017,92.0,4607,27,378,4613,70.0,175.0,31,3.0
774.0,2.0,2018,74.0,5358,40,408,5358,70.0,175.0,32,5.0
159.0,2.0,2019,10.0,4063,27,391,4063,70.0,175.0,33,2.0
236.0,2.0,2020,26.0,3728,23,334,3728,70.0,175.0,34,1.0
454.0,2.0,2021,34.0,4893,45,406,4893,70.0,175.0,35,2.0
153.0,2.0,2022,17.0,3202,20,300,3202,70.0,175.0,36,0.0
494.0,2.0,2015,51.0,4231,26,365,4231,75.0,218.0,22,3.0
744.0,1.0,2016,87.0,3716,28,316,3716,75.0,218.0,23,4.0
670.0,1.0,2017,97.0,3792,27,373,3792,75.0,218.0,24,2.0
306.0,1.0,2018,47.0,3309,29,292,3254,75.0,218.0,25,1.0
1202.0,1.0,2019,128.0,4117,24,371,4117,75.0,218.0,26,10.0
793.0,1.0,2020,104.0,3937,25,370,3937,75.0,218.0,27,5.0
515.0,1.0,2021,73.0,3936,22,404,3936,75.0,218.0,28,2.0
539.0,2.0,2022,47.0,3815,20,358,3815,75.0,218.0,29,3.0
394.0,1.0,2023,55.0,3392,21,351,3389,75.0,218.0,30,0.0
87.0,3.0,2012,14.0,4046,22,354,4046,73.0,214.0,22,0.0
155.0,2.0,2013,25.0,4183,25,371,4183,73.0,214.0,23,0.0
30.0,3.0,2014,1.0,3460,24,295,3460,73.0,214.0,24,0.0
918.0,2.0,2021,105.0,3585,21,307,3585,72.0,170.0,23,6.0
1210.0,1.0,2022,137.0,4364,28,350,4378,72.0,170.0,24,7.0
1066.0,1.0,2023,113.0,4067,26,369,4067,72.0,170.0,25,7.0
339.0,2.0,2017,51.0,3716,22,316,3716,72.0,178.0,24,1.0
715.0,2.0,2018,103.0,3431,16,329,3423,72.0,178.0,25,5.0
665.0,1.0,2019,103.0,4023,26,364,4022,72.0,178.0,26,3.0
4.0,2.0,2020,1.0,3955,25,387,3955,72.0,178.0,27,0.0
68.0,2.0,2021,15.0,4450,34,398,4450,72.0,178.0,28,0.0
804.0,2.0,2019,82.0,4029,30,331,4029,72.0,215.0,23,3.0
391.0,1.0,2020,44.0,4320,28,371,4317,72.0,215.0,24,1.0
1397.0,1.0,2021,121.0,4437,26,343,4429,72.0,215.0,25,6.0
632.0,1.0,2022,94.0,4049,30,338,4049,72.0,215.0,26,2.0
892.0,1.0,2023,89.0,4577,34,336,4577,72.0,215.0,27,7.0
145.0,2.0,2012,29.0,4844,35,402,4844,69.0,195.0,33,0.0
53.0,3.0,2016,13.0,4377,33,381,4377,71.0,190.0,22,1.0
212.0,2.0,2017,39.0,4326,26,363,4326,73.0,202.0,23,0.0
288.0,2.0,2018,33.0,5126,52,385,5126,73.0,202.0,24,4.0
449.0,2.0,2019,55.0,4690,30,378,4667,73.0,202.0,25,4.0
466.0,2.0,2020,59.0,5005,40,420,5005,73.0,202.0,26,3.0
264.0,2.0,2021,41.0,4937,38,448,4928,73.0,202.0,27,3.0
458.0,1.0,2022,75.0,3202,20,300,3202,73.0,202.0,28,2.0
371.0,2.0,2023,39.0,4300,27,361,4298,73.0,202.0,29,4.0
561.0,2.0,2023,79.0,3392,21,351,3389,68.0,192.0,23,0.0
1430.0,1.0,2012,141.0,4671,39,402,4664,75.0,225.0,25,10.0
1430.0,1.0,2013,143.0,5572,57,461,5572,75.0,225.0,26,15.0
1621.0,1.0,2014,185.0,4779,41,399,4779,75.0,225.0,27,12.0
1304.0,1.0,2015,177.0,4216,22,368,4216,75.0,225.0,28,7.0
1085.0,1.0,2016,145.0,3914,21,339,3914,75.0,225.0,29,5.0
949.0,1.0,2017,142.0,3668,22,332,3668,75.0,225.0,30,6.0
677.0,1.0,2018,90.0,3930,19,367,3928,75.0,225.0,31,5.0
433.0,1.0,2019,58.0,3443,21,323,3455,75.0,225.0,32,1.0
16.0,3.0,2022,6.0,3911,31,355,3911,73.0,198.0,23,0.0
359.0,2.0,2020,45.0,3115,19,292,3115,75.0,207.0,23,0.0
133.0,2.0,2021,23.0,3959,20,357,3919,75.0,207.0,24,0.0
186.0,2.0,2022,25.0,4040,15,357,4047,75.0,207.0,25,0.0
124.0,2.0,2019,20.0,3314,24,307,3314,74.0,202.0,23,0.0
143.0,2.0,2018,15.0,3404,21,299,3404,72.0,186.0,21,0.0
48.0,2.0,2019,4.0,4063,27,391,4063,72.0,186.0,22,0.0
24.0,1.0,2019,6.0,4431,36,418,4431,66.0,170.0,22,0.0
186.0,2.0,2020,25.0,3945,28,370,3945,66.0,170.0,23,1.0
570.0,1.0,2021,59.0,3437,32,293,3437,66.0,170.0,24,5.0
13.0,2.0,2022,2.0,3969,27,338,3969,66.0,170.0,25,0.0
150.0,1.0,2023,21.0,4306,29,385,4306,66.0,170.0,26,1.0
51.0,2.0,2012,6.0,3996,25,334,3996,72.0,204.0,23,0.0
96.0,2.0,2013,19.0,3914,23,363,3908,72.0,204.0,24,1.0
81.0,2.0,2015,3.0,3843,25,334,3843,72.0,204.0,26,0.0
249.0,2.0,2016,36.0,4139,21,347,4139,72.0,204.0,27,2.0
555.0,2.0,2017,69.0,3065,18,288,3065,72.0,204.0,28,2.0
161.0,2.0,2018,30.0,3885,23,356,3885,72.0,204.0,29,0.0
66.0,1.0,2023,17.0,4312,27,409,4295,68.0,165.0,23,0.0
61.0,3.0,2018,5.0,4261,31,353,4261,76.0,207.0,24,0.0
83.0,1.0,2023,25.0,4044,28,364,4044,68.0,155.0,24,1.0
316.0,1.0,2012,47.0,5187,46,423,5187,71.0,200.0,30,1.0
182.0,3.0,2012,22.0,2935,19,300,2935,74.0,201.0,28,0.0
201.0,2.0,2020,26.0,2919,29,257,2919,71.0,202.0,23,0.0
272.0,1.0,2021,47.0,4267,24,396,4267,71.0,202.0,24,2.0
407.0,1.0,2022,49.0,3202,20,300,3202,71.0,202.0,25,3.0
18.0,2.0,2023,9.0,3881,28,328,3881,71.0,202.0,26,0.0
242.0,1.0,2012,40.0,3298,23,287,3298,71.0,190.0,30,1.0
504.0,1.0,2014,59.0,4758,33,418,4758,71.0,190.0,32,2.0
115.0,2.0,2015,28.0,4170,34,362,4170,73.0,205.0,23,1.0
20.0,2.0,2016,3.0,3645,19,311,3641,73.0,205.0,24,0.0
113.0,2.0,2019,9.0,4902,30,388,4902,73.0,205.0,27,1.0
18.0,3.0,2014,7.0,4008,38,328,4008,75.0,200.0,23,0.0
114.0,2.0,2015,13.0,3677,21,334,3677,75.0,200.0,24,1.0
20.0,3.0,2016,6.0,4491,35,370,4494,75.0,200.0,25,0.0
1373.0,1.0,2012,138.0,4992,32,434,4992,74.0,220.0,24,13.0
1233.0,2.0,2013,162.0,4226,33,375,4226,74.0,220.0,25,13.0
1320.0,2.0,2014,137.0,4008,38,328,4008,74.0,220.0,26,17.0
401.0,1.0,2015,72.0,3677,21,334,3677,74.0,220.0,27,3.0
796.0,1.0,2016,98.0,3799,25,325,3799,74.0,220.0,28,8.0
838.0,1.0,2017,132.0,3326,27,309,3308,74.0,220.0,29,7.0
47.0,3.0,2020,11.0,2919,29,257,2919,74.0,220.0,32,2.0
49.0,2.0,2021,8.0,3745,23,359,3745,74.0,208.0,24,1.0
22.0,3.0,2012,5.0,3666,24,291,3666,74.0,210.0,23,0.0
21.0,2.0,2021,4.0,3588,28,324,3578,76.0,225.0,23,1.0
24.0,3.0,2022,6.0,3855,22,398,3854,76.0,225.0,24,0.0
684.0,2.0,2019,92.0,3214,18,315,3210,70.0,183.0,23,5.0
923.0,1.0,2020,144.0,4129,36,428,4115,70.0,183.0,24,7.0
1163.0,1.0,2021,173.0,4017,24,425,4005,70.0,183.0,25,8.0
876.0,1.0,2022,149.0,3661,13,364,3671,70.0,183.0,26,1.0
710.0,1.0,2023,87.0,3421,13,323,3414,70.0,183.0,27,5.0
31.0,1.0,2019,8.0,3401,17,312,3401,68.0,170.0,27,0.0
26.0,1.0,2020,6.0,3673,24,317,3673,68.0,170.0,28,0.0
-3.0,1.0,2021,4.0,3856,21,354,3856,68.0,170.0,29,0.0
567.0,2.0,2012,59.0,3967,28,323,3967,74.0,205.0,28,2.0
55.0,2.0,2013,9.0,3379,24,292,3379,74.0,205.0,29,1.0
77.0,2.0,2012,13.0,4342,40,374,4342,72.0,194.0,37,2.0
443.0,1.0,2012,67.0,3430,26,309,3430,72.0,208.0,25,4.0
781.0,1.0,2012,126.0,4374,26,339,4374,71.0,200.0,28,3.0
596.0,1.0,2013,72.0,3561,24,333,3561,71.0,200.0,29,2.0
176.0,1.0,2014,26.0,3428,19,320,3428,71.0,200.0,30,0.0
306.0,2.0,2020,21.0,3701,28,315,3701,74.0,204.0,21,2.0
597.0,2.0,2021,59.0,3619,22,320,3606,74.0,204.0,22,3.0
839.0,1.0,2022,96.0,3710,19,335,3710,74.0,204.0,23,3.0
155.0,1.0,2023,25.0,4011,29,355,4011,74.0,204.0,24,0.0
581.0,2.0,2023,58.0,4210,32,374,4210,73.0,206.0,22,4.0
444.0,2.0,2014,49.0,5062,46,410,5062,74.0,216.0,21,3.0
733.0,2.0,2015,105.0,3928,27,355,3928,74.0,216.0,22,6.0
307.0,1.0,2016,56.0,4491,35,370,4494,74.0,216.0,23,7.0
391.0,1.0,2017,47.0,3226,19,285,3226,74.0,216.0,24,2.0
684.0,1.0,2018,89.0,3431,16,329,3423,74.0,216.0,25,3.0
18.0,2.0,2019,15.0,3214,18,315,3210,74.0,216.0,26,0.0
15.0,2.0,2020,2.0,3124,14,283,3124,74.0,216.0,27,0.0
132.0,2.0,2015,30.0,4042,25,312,4047,70.0,195.0,22,1.0
343.0,2.0,2017,44.0,3085,14,291,3086,75.0,205.0,28,1.0
304.0,2.0,2018,39.0,4595,42,432,4595,75.0,205.0,29,3.0
181.0,3.0,2019,21.0,4648,26,394,4648,75.0,205.0,30,0.0
163.0,1.0,2020,29.0,3796,17,389,3796,75.0,205.0,31,2.0
551.0,2.0,2015,68.0,3893,29,342,3893,77.0,237.0,22,4.0
392.0,1.0,2016,74.0,3798,16,380,3798,77.0,237.0,23,2.0
366.0,2.0,2012,50.0,3234,29,259,3228,70.0,192.0,24,3.0
778.0,1.0,2013,74.0,3508,27,267,3508,70.0,192.0,25,5.0
825.0,2.0,2014,98.0,3492,20,287,3492,70.0,192.0,26,3.0
1067.0,2.0,2015,103.0,4061,35,333,4063,70.0,192.0,27,14.0
1128.0,1.0,2016,126.0,4422,23,368,4422,70.0,192.0,28,7.0
993.0,1.0,2017,117.0,3979,35,340,3979,70.0,192.0,29,8.0
618.0,1.0,2018,73.0,3448,37,280,3448,70.0,192.0,30,5.0
868.0,1.0,2022,118.0,2927,17,257,2927,76.0,213.0,21,4.0
907.0,1.0,2023,112.0,3775,18,327,3775,76.0,213.0,22,3.0
801.0,1.0,2012,114.0,2937,13,273,2937,74.0,222.0,28,3.0
673.0,1.0,2013,103.0,3561,24,333,3561,74.0,222.0,29,5.0
754.0,1.0,2014,96.0,3428,19,320,3428,74.0,222.0,30,1.0
53.0,3.0,2015,13.0,4156,22,371,4156,74.0,222.0,31,0.0
224.0,2.0,2012,32.0,4992,32,434,4992,70.0,215.0,25,1.0
80.0,1.0,2013,14.0,4226,33,375,4226,70.0,215.0,26,2.0
116.0,1.0,2014,12.0,4008,38,328,4008,70.0,215.0,27,0.0
388.0,1.0,2015,57.0,4500,39,392,4508,70.0,215.0,28,5.0
13.0,1.0,2016,1.0,4027,27,377,4027,70.0,215.0,29,1.0
165.0,2.0,2021,25.0,3746,23,356,3746,72.0,195.0,22,0.0
143.0,2.0,2022,14.0,3783,26,344,3783,72.0,195.0,23,2.0
168.0,2.0,2023,23.0,4174,29,407,4174,72.0,195.0,24,1.0
375.0,2.0,2012,49.0,3298,23,287,3298,71.0,209.0,25,2.0
245.0,2.0,2013,44.0,4450,39,373,4450,71.0,209.0,26,5.0
207.0,2.0,2012,53.0,3383,17,337,3383,72.0,212.0,27,1.0
5.0,3.0,2021,1.0,3437,32,293,3437,72.0,190.0,25,0.0
238.0,2.0,2015,50.0,3843,25,334,3843,70.0,190.0,29,1.0
369.0,1.0,2016,43.0,4139,21,347,4139,70.0,190.0,30,2.0
594.0,2.0,2016,66.0,4377,33,381,4377,70.0,187.0,24,3.0
149.0,2.0,2017,36.0,4534,31,384,4534,70.0,187.0,25,1.0
81.0,3.0,2018,15.0,5174,36,459,5131,70.0,187.0,26,0.0
38.0,2.0,2023,4.0,4377,23,412,4377,76.0,215.0,25,0.0
538.0,1.0,2021,78.0,3959,20,357,3919,70.0,180.0,21,5.0
450.0,2.0,2022,65.0,4040,15,357,4047,70.0,180.0,22,1.0
640.0,1.0,2023,104.0,4011,29,355,4011,70.0,180.0,23,2.0
624.0,2.0,2012,74.0,4012,30,354,4010,71.0,180.0,25,2.0
780.0,2.0,2013,113.0,4306,30,377,4252,71.0,180.0,26,6.0
1406.0,1.0,2014,142.0,4779,41,399,4779,71.0,180.0,27,9.0
1135.0,1.0,2015,137.0,4216,22,368,4216,71.0,180.0,28,6.0
1032.0,1.0,2016,137.0,3914,21,339,3914,71.0,180.0,29,5.0
555.0,2.0,2017,92.0,3668,22,332,3668,71.0,180.0,30,2.0
866.0,1.0,2018,98.0,3930,19,367,3928,71.0,180.0,31,4.0
871.0,1.0,2019,98.0,4029,30,331,4029,71.0,180.0,32,5.0
726.0,1.0,2020,82.0,3945,28,370,3945,71.0,180.0,33,5.0
626.0,1.0,2021,73.0,4450,36,415,4450,71.0,180.0,34,4.0
328.0,2.0,2018,36.0,4629,26,392,4629,77.0,214.0,22,0.0
117.0,2.0,2020,13.0,4299,49,372,4299,77.0,214.0,24,1.0
98.0,2.0,2021,17.0,4526,39,402,4526,77.0,214.0,25,0.0
314.0,1.0,2022,38.0,2598,21,223,2589,77.0,214.0,26,1.0
62.0,2.0,2023,6.0,3421,23,321,3421,77.0,214.0,27,0.0
1071.0,1.0,2012,122.0,4671,39,402,4664,75.0,214.0,25,13.0
1288.0,2.0,2013,136.0,5572,57,461,5572,75.0,214.0,26,11.0
962.0,1.0,2014,115.0,3206,19,287,3206,75.0,214.0,27,5.0
1027.0,2.0,2015,132.0,4170,34,362,4170,75.0,214.0,28,12.0
194.0,1.0,2016,21.0,3645,19,311,3641,75.0,214.0,29,2.0
563.0,2.0,2017,83.0,3394,17,306,3394,75.0,214.0,30,1.0
3.0,3.0,2022,1.0,4765,32,368,4765,74.0,206.0,22,0.0
0.0,2.0,2023,1.0,4698,34,393,4698,74.0,206.0,23,0.0
14.0,3.0,2021,4.0,3987,23,377,3988,73.0,200.0,24,0.0
15.0,3.0,2022,1.0,2927,17,257,2927,73.0,200.0,25,0.0
21.0,3.0,2019,3.0,3401,17,312,3401,73.0,195.0,26,0.0
0.0,3.0,2014,1.0,4758,33,418,4758,72.0,195.0,23,0.0
142.0,2.0,2016,11.0,4165,31,355,4165,72.0,195.0,25,1.0
96.0,3.0,2017,6.0,4607,27,378,4613,72.0,195.0,26,0.0
0.0,3.0,2018,1.0,5358,40,408,5358,72.0,195.0,27,0.0
159.0,2.0,2020,21.0,4245,41,388,4245,72.0,199.0,22,2.0
343.0,2.0,2021,41.0,3815,31,324,3815,72.0,199.0,23,4.0
74.0,2.0,2022,6.0,4007,20,345,4007,72.0,199.0,24,1.0
599.0,2.0,2020,62.0,4786,40,410,4786,74.0,210.0,21,7.0
549.0,2.0,2021,63.0,4450,36,415,4450,74.0,210.0,22,6.0
836.0,1.0,2022,93.0,4291,35,361,4291,74.0,210.0,23,7.0
748.0,1.0,2023,82.0,4306,29,385,4306,74.0,210.0,24,7.0
1096.0,1.0,2022,147.0,4040,15,357,4047,72.0,183.0,22,4.0
1042.0,1.0,2023,168.0,3373,13,356,3373,72.0,183.0,23,4.0
22.0,3.0,2018,3.0,5126,52,385,5126,75.0,207.0,25,0.0
10.0,3.0,2020,2.0,5005,40,420,5005,75.0,207.0,27,0.0
803.0,1.0,2022,85.0,3661,13,364,3671,75.0,200.0,21,4.0
1147.0,1.0,2023,106.0,3421,13,323,3414,75.0,200.0,22,5.0
21.0,2.0,2015,3.0,4500,39,392,4508,75.0,211.0,23,0.0
0.0,3.0,2018,1.0,4316,34,348,4316,75.0,211.0,26,0.0
38.0,2.0,2019,3.0,4648,26,394,4648,75.0,211.0,27,0.0
202.0,3.0,2016,22.0,4445,41,403,4445,75.0,202.0,22,2.0
253.0,2.0,2017,39.0,3532,27,352,3532,75.0,202.0,23,0.0
303.0,1.0,2018,30.0,4629,26,392,4629,75.0,202.0,24,2.0
289.0,2.0,2019,56.0,4017,26,356,4017,75.0,202.0,25,2.0
0.0,3.0,2021,2.0,3884,25,396,3874,75.0,202.0,27,0.0
682.0,2.0,2012,67.0,3234,29,259,3228,71.0,191.0,24,7.0
898.0,1.0,2013,98.0,3508,27,267,3508,71.0,191.0,25,5.0
1331.0,2.0,2014,145.0,4284,22,365,4284,71.0,191.0,26,4.0
813.0,1.0,2015,129.0,4463,34,420,4463,71.0,191.0,27,6.0
1079.0,1.0,2016,136.0,4327,25,388,4327,71.0,191.0,28,4.0
1003.0,1.0,2017,120.0,4470,34,374,4470,71.0,191.0,29,7.0
791.0,1.0,2018,114.0,4524,30,422,4527,71.0,191.0,30,4.0
670.0,1.0,2019,85.0,4070,34,376,4064,71.0,191.0,31,6.0
388.0,1.0,2020,52.0,3336,13,321,3336,71.0,191.0,32,2.0
15.0,2.0,2021,3.0,4619,28,415,4603,67.0,175.0,23,0.0
467.0,2.0,2022,64.0,3966,19,433,3966,67.0,175.0,24,2.0
280.0,1.0,2023,41.0,3430,21,355,3430,67.0,175.0,25,2.0
366.0,2.0,2012,62.0,4342,40,374,4342,72.0,198.0,29,4.0
804.0,1.0,2013,106.0,3645,22,325,3645,72.0,198.0,30,5.0
742.0,1.0,2014,92.0,3566,19,322,3566,72.0,198.0,31,6.0
208.0,2.0,2015,36.0,4231,26,365,4231,72.0,198.0,32,2.0
641.0,1.0,2012,92.0,3668,18,328,3659,77.0,310.0,23,5.0
465.0,2.0,2013,99.0,4372,29,379,4372,77.0,310.0,24,3.0
69.0,3.0,2014,12.0,3551,22,323,3551,77.0,310.0,25,0.0
143.0,3.0,2013,13.0,3270,19,266,3270,74.0,210.0,25,0.0
167.0,2.0,2014,23.0,3206,19,287,3206,74.0,210.0,26,0.0
41.0,3.0,2015,5.0,3600,25,295,3600,74.0,210.0,27,0.0
89.0,2.0,2016,6.0,3250,17,286,3228,74.0,210.0,28,1.0
254.0,1.0,2019,40.0,4063,27,391,4063,71.0,190.0,24,1.0
421.0,1.0,2020,80.0,3728,23,334,3728,71.0,190.0,25,6.0
95.0,2.0,2021,11.0,3585,21,307,3585,71.0,190.0,26,3.0
34.0,2.0,2019,4.0,4153,29,378,4153,72.0,190.0,23,0.0
62.0,2.0,2020,5.0,3124,14,283,3124,72.0,190.0,24,1.0
31.0,2.0,2021,3.0,4098,28,364,4098,72.0,190.0,25,0.0
53.0,2.0,2022,7.0,3661,13,364,3671,72.0,190.0,26,0.0
0.0,2.0,2023,1.0,3421,13,323,3414,72.0,190.0,27,0.0
692.0,1.0,2012,100.0,3967,28,323,3967,73.0,208.0,24,3.0
896.0,1.0,2013,101.0,3875,22,325,3875,73.0,208.0,25,0.0
405.0,2.0,2014,68.0,5062,46,410,5062,73.0,208.0,26,5.0
54.0,3.0,2015,14.0,4500,39,392,4508,73.0,208.0,27,0.0
395.0,2.0,2012,59.0,4719,33,422,4719,72.0,183.0,28,2.0
1068.0,1.0,2013,132.0,4549,30,444,4548,72.0,183.0,29,4.0
558.0,2.0,2014,75.0,4758,33,418,4758,72.0,183.0,30,4.0
411.0,1.0,2015,72.0,3893,29,342,3893,72.0,183.0,31,2.0
210.0,3.0,2016,22.0,3720,33,307,3720,72.0,183.0,32,1.0
8.0,3.0,2017,3.0,3394,17,306,3394,72.0,183.0,33,0.0
452.0,2.0,2020,43.0,4383,31,369,4383,72.0,190.0,21,2.0
469.0,2.0,2021,36.0,4808,25,429,4808,72.0,190.0,22,2.0
656.0,1.0,2020,77.0,4383,31,369,4383,70.0,185.0,25,2.0
1038.0,1.0,2021,129.0,4808,25,429,4808,70.0,185.0,26,10.0
330.0,1.0,2022,51.0,4182,31,359,4182,70.0,185.0,27,3.0
255.0,2.0,2023,37.0,3666,21,348,3661,70.0,185.0,28,0.0
54.0,2.0,2017,9.0,3680,21,373,3680,71.0,198.0,23,1.0
116.0,2.0,2021,6.0,4450,34,398,4450,73.0,185.0,22,2.0
15.0,3.0,2022,4.0,2598,21,223,2589,73.0,185.0,23,0.0
51.0,2.0,2023,10.0,3245,17,350,3245,73.0,185.0,24,0.0
0.0,3.0,2023,1.0,3373,13,356,3373,76.0,219.0,26,0.0
0.0,2.0,2014,1.0,4779,41,399,4779,70.0,187.0,23,0.0
0.0,2.0,2018,1.0,3309,29,292,3254,74.0,194.0,22,0.0
244.0,2.0,2019,35.0,4117,24,371,4117,74.0,194.0,23,0.0
276.0,2.0,2020,44.0,3937,25,370,3937,74.0,194.0,24,0.0
161.0,2.0,2021,17.0,3936,22,404,3936,74.0,194.0,25,2.0
394.0,2.0,2022,49.0,3431,17,346,3431,75.0,200.0,24,4.0
230.0,1.0,2023,33.0,3351,17,338,3351,75.0,200.0,25,3.0
29.0,2.0,2017,13.0,3668,22,332,3668,67.0,173.0,22,0.0
179.0,2.0,2018,30.0,3052,19,270,3052,67.0,173.0,23,0.0
254.0,2.0,2019,39.0,3476,22,299,3476,67.0,173.0,24,1.0
282.0,2.0,2020,34.0,4786,40,410,4786,67.0,173.0,25,5.0
178.0,2.0,2021,26.0,4450,36,415,4450,67.0,173.0,26,1.0
423.0,1.0,2022,65.0,4291,35,361,4291,67.0,173.0,27,4.0
82.0,2.0,2023,14.0,3882,19,355,3882,67.0,173.0,28,0.0
197.0,2.0,2020,35.0,3796,17,389,3796,74.0,220.0,23,0.0
29.0,3.0,2020,2.0,3124,14,283,3124,72.0,190.0,23,0.0
34.0,2.0,2019,4.0,5127,40,382,5127,72.0,196.0,24,0.0
15.0,2.0,2018,3.0,4629,26,392,4629,75.0,205.0,23,0.0
169.0,2.0,2019,22.0,4063,27,391,4063,74.0,225.0,23,1.0
87.0,2.0,2020,9.0,3728,23,334,3728,74.0,225.0,24,0.0
36.0,2.0,2021,5.0,3585,21,307,3585,74.0,225.0,25,0.0
3.0,2.0,2018,1.0,4316,34,348,4316,70.0,174.0,26,0.0
299.0,2.0,2015,27.0,4775,36,353,4775,70.0,160.0,23,2.0
568.0,2.0,2016,75.0,4425,30,383,4425,70.0,160.0,24,6.0
508.0,2.0,2017,61.0,3979,25,339,3979,70.0,160.0,25,2.0
64.0,2.0,2018,19.0,2884,19,283,2884,70.0,160.0,26,1.0
60.0,1.0,2020,11.0,3701,28,315,3701,72.0,198.0,24,0.0
64.0,3.0,2021,4.0,3619,22,320,3606,72.0,198.0,25,0.0
1455.0,1.0,2021,128.0,4806,38,384,4806,72.0,201.0,21,14.0
1046.0,1.0,2022,134.0,4520,37,418,4520,72.0,201.0,22,10.0
1216.0,1.0,2023,145.0,4257,28,420,4257,72.0,201.0,23,7.0
68.0,3.0,2012,10.0,3425,15,293,3425,74.0,200.0,32,0.0
6.0,3.0,2022,1.0,3506,19,347,3506,77.0,211.0,25,0.0
406.0,1.0,2012,55.0,3996,25,334,3996,76.0,215.0,28,1.0
449.0,1.0,2013,67.0,3914,23,363,3908,76.0,215.0,29,2.0
131.0,2.0,2014,18.0,3986,27,344,3986,76.0,215.0,30,0.0
161.0,3.0,2015,24.0,4079,31,358,4079,74.0,220.0,21,3.0
131.0,2.0,2016,24.0,3418,16,347,3432,74.0,220.0,22,0.0
38.0,3.0,2017,4.0,3716,22,316,3716,74.0,220.0,23,1.0
43.0,2.0,2021,12.0,5383,45,492,5383,68.0,175.0,22,0.0
26.0,2.0,2022,2.0,4746,26,499,4732,68.0,175.0,23,0.0
525.0,2.0,2022,63.0,3783,26,344,3783,71.0,182.0,22,7.0
518.0,1.0,2023,83.0,4174,29,407,4174,71.0,182.0,23,7.0
196.0,3.0,2023,25.0,4167,23,371,4167,76.0,207.0,25,2.0
103.0,2.0,2018,11.0,4629,26,392,4629,76.0,209.0,26,1.0
219.0,2.0,2019,21.0,4017,26,356,4017,76.0,209.0,27,1.0
22.0,2.0,2020,1.0,4786,40,410,4786,76.0,209.0,28,1.0
28.0,2.0,2021,7.0,4450,36,415,4450,76.0,209.0,29,0.0
64.0,2.0,2022,7.0,4291,35,361,4291,76.0,209.0,30,0.0
0.0,2.0,2016,1.0,3716,28,316,3716,66.0,170.0,24,0.0
203.0,1.0,2017,22.0,3792,27,373,3792,66.0,170.0,25,2.0
268.0,1.0,2018,34.0,3309,29,292,3254,66.0,170.0,26,2.0
164.0,1.0,2019,33.0,4117,24,371,4117,66.0,170.0,27,0.0
373.0,1.0,2020,54.0,3937,25,370,3937,66.0,170.0,28,1.0
132.0,1.0,2021,17.0,3635,18,332,3635,66.0,170.0,29,2.0
359.0,3.0,2019,41.0,4153,29,378,4153,74.0,200.0,23,0.0
731.0,2.0,2020,82.0,3124,14,283,3124,74.0,200.0,24,0.0
870.0,2.0,2021,128.0,4098,28,364,4098,74.0,200.0,25,4.0
806.0,1.0,2022,98.0,3815,20,358,3815,74.0,200.0,26,6.0
807.0,1.0,2023,106.0,3666,21,348,3661,74.0,200.0,27,8.0
6.0,3.0,2019,3.0,3350,37,289,3350,77.0,210.0,24,0.0
64.0,2.0,2023,6.0,4660,37,428,4660,74.0,205.0,23,0.0
0.0,3.0,2019,2.0,4648,26,394,4648,73.0,212.0,22,0.0
511.0,2.0,2020,55.0,4548,31,413,4548,73.0,212.0,23,3.0
448.0,2.0,2021,48.0,5014,41,443,5014,73.0,212.0,24,3.0
64.0,2.0,2022,4.0,4791,27,485,4777,73.0,212.0,25,0.0
89.0,2.0,2023,21.0,4312,27,409,4295,73.0,212.0,26,1.0
179.0,3.0,2022,13.0,4818,32,448,4808,72.0,190.0,23,1.0
29.0,2.0,2023,6.0,4700,31,424,4700,72.0,190.0,24,0.0
398.0,1.0,2020,55.0,3728,23,334,3728,71.0,197.0,21,1.0
299.0,1.0,2021,57.0,3585,21,307,3585,71.0,197.0,22,2.0
104.0,2.0,2022,13.0,4818,32,448,4808,71.0,197.0,23,2.0
138.0,2.0,2023,23.0,3392,21,351,3389,71.0,197.0,24,1.0
7.0,2.0,2014,1.0,4952,37,456,4952,69.0,165.0,22,0.0
12.0,2.0,2022,3.0,3911,31,355,3911,73.0,195.0,23,0.0
268.0,2.0,2023,36.0,4660,37,428,4660,73.0,195.0,24,2.0
37.0,3.0,2018,6.0,2884,19,283,2884,75.0,210.0,23,0.0
75.0,2.0,2022,5.0,4007,20,345,4007,73.0,210.0,24,1.0
373.0,2.0,2023,40.0,3351,17,338,3351,72.0,185.0,22,0.0
162.0,1.0,2016,23.0,3645,19,311,3641,71.0,205.0,21,3.0
229.0,1.0,2021,40.0,3674,14,361,3674,70.0,190.0,26,1.0
189.0,1.0,2022,31.0,4148,25,394,4151,70.0,190.0,27,3.0
225.0,1.0,2023,21.0,4377,23,412,4377,70.0,190.0,28,1.0
784.0,2.0,2012,100.0,4342,40,374,4342,73.0,200.0,28,14.0
817.0,1.0,2013,94.0,4538,29,366,4538,73.0,200.0,29,3.0
875.0,2.0,2015,101.0,3825,34,348,3853,73.0,200.0,31,8.0
14.0,2.0,2020,3.0,2919,29,257,2919,71.0,193.0,24,2.0
202.0,2.0,2021,20.0,4267,24,396,4267,71.0,193.0,25,0.0
62.0,2.0,2022,17.0,3202,20,300,3202,71.0,193.0,26,0.0
0.0,2.0,2023,5.0,4011,29,355,4011,71.0,193.0,27,0.0
260.0,2.0,2018,38.0,5174,36,459,5131,71.0,213.0,22,1.0
735.0,1.0,2019,80.0,3214,18,315,3210,71.0,213.0,23,3.0
392.0,2.0,2020,56.0,4129,36,428,4115,71.0,213.0,24,5.0
285.0,1.0,2021,44.0,4017,24,425,4005,71.0,213.0,25,3.0
0.0,2.0,2022,1.0,3911,31,355,3911,71.0,213.0,26,0.0
91.0,3.0,2014,16.0,3551,22,323,3551,73.0,203.0,23,0.0
106.0,2.0,2016,19.0,4206,18,364,4206,73.0,203.0,25,0.0
41.0,2.0,2022,9.0,4444,32,383,4430,73.0,180.0,21,1.0
354.0,2.0,2023,42.0,4606,33,408,4606,73.0,180.0,22,2.0
608.0,2.0,2015,80.0,4294,32,386,4294,69.0,177.0,22,2.0
847.0,1.0,2016,99.0,4948,28,407,4946,69.0,177.0,23,7.0
789.0,1.0,2017,103.0,4093,31,347,4093,69.0,177.0,24,4.0
388.0,1.0,2018,49.0,3287,19,311,3283,69.0,177.0,25,2.0
833.0,2.0,2019,122.0,3443,21,323,3455,69.0,177.0,26,6.0
699.0,1.0,2020,89.0,3115,19,292,3115,69.0,177.0,27,7.0
489.0,1.0,2021,73.0,3959,20,357,3919,69.0,177.0,28,2.0
60.0,2.0,2022,13.0,4291,35,361,4291,69.0,177.0,29,0.0
159.0,2.0,2023,20.0,4174,29,407,4174,69.0,177.0,30,1.0
111.0,2.0,2015,16.0,3825,34,348,3853,73.0,195.0,25,0.0
8.0,2.0,2016,2.0,4445,41,403,4445,73.0,195.0,26,0.0
44.0,3.0,2017,7.0,4470,34,374,4470,73.0,195.0,27,0.0
310.0,3.0,2012,36.0,2935,19,300,2935,70.0,191.0,23,2.0
434.0,2.0,2013,43.0,3645,22,325,3645,70.0,191.0,24,3.0
588.0,2.0,2014,62.0,3566,19,322,3566,70.0,191.0,25,2.0
442.0,2.0,2015,50.0,3246,14,294,3246,70.0,191.0,26,0.0
67.0,3.0,2016,14.0,4119,20,414,4119,70.0,191.0,27,1.0
198.0,2.0,2017,25.0,3929,25,357,3929,70.0,191.0,28,2.0
449.0,2.0,2018,61.0,4071,29,378,4071,70.0,191.0,29,1.0
296.0,2.0,2019,58.0,4134,18,382,4134,70.0,191.0,30,0.0
140.0,2.0,2013,18.0,4291,25,363,4291,75.0,204.0,23,1.0
229.0,3.0,2014,32.0,3990,22,320,3990,75.0,204.0,24,2.0
144.0,2.0,2015,23.0,4775,36,353,4775,75.0,204.0,25,1.0
187.0,2.0,2016,23.0,4425,30,383,4425,75.0,204.0,26,1.0
477.0,1.0,2017,69.0,3979,25,339,3979,75.0,204.0,27,4.0
166.0,2.0,2018,19.0,3448,37,280,3448,75.0,204.0,28,5.0
220.0,2.0,2019,28.0,4110,35,341,4110,75.0,204.0,29,3.0
760.0,1.0,2014,112.0,4066,27,394,4064,71.0,196.0,22,5.0
1159.0,1.0,2015,167.0,4231,26,365,4231,71.0,196.0,23,5.0
1138.0,1.0,2016,133.0,3716,28,316,3716,71.0,196.0,24,4.0
987.0,1.0,2017,161.0,3792,27,373,3792,71.0,196.0,25,10.0
976.0,1.0,2018,150.0,4261,31,353,4261,71.0,196.0,26,4.0
1174.0,1.0,2019,138.0,3847,23,318,3847,71.0,196.0,27,7.0
840.0,1.0,2020,101.0,3701,28,315,3701,71.0,196.0,28,3.0
583.0,1.0,2021,87.0,3619,22,320,3606,71.0,196.0,29,2.0
274.0,1.0,2022,40.0,3969,27,338,3969,71.0,196.0,30,2.0
634.0,2.0,2012,77.0,4075,23,367,4060,72.0,210.0,29,0.0
437.0,2.0,2013,76.0,4406,33,310,4408,72.0,210.0,30,2.0
353.0,2.0,2014,62.0,3828,24,327,3820,72.0,210.0,31,2.0
119.0,2.0,2015,25.0,3493,21,310,3493,72.0,210.0,32,0.0
56.0,3.0,2023,8.0,3373,13,356,3373,75.0,202.0,24,1.0
43.0,2.0,2019,5.0,4648,26,394,4648,74.0,213.0,24,0.0
5.0,3.0,2022,2.0,4791,27,485,4777,74.0,213.0,27,0.0
282.0,2.0,2021,38.0,4437,26,343,4429,75.0,212.0,24,5.0
416.0,2.0,2022,56.0,4049,30,338,4049,75.0,212.0,25,1.0
265.0,2.0,2023,33.0,4577,34,336,4577,75.0,212.0,26,1.0
32.0,3.0,2018,5.0,3747,29,344,3747,76.0,215.0,24,0.0
186.0,2.0,2019,39.0,3573,20,371,3573,76.0,215.0,25,1.0
48.0,2.0,2020,12.0,3925,28,402,3925,76.0,215.0,26,1.0
40.0,2.0,2018,8.0,4405,24,382,4405,73.0,191.0,23,0.0
628.0,2.0,2023,93.0,4167,23,371,4167,72.0,197.0,21,4.0
795.0,2.0,2023,95.0,4210,32,374,4210,71.0,187.0,23,8.0
77.0,2.0,2017,11.0,3716,22,316,3716,71.0,170.0,23,2.0
58.0,2.0,2020,10.0,4776,44,410,4776,71.0,170.0,26,0.0
10.0,1.0,2021,3.0,3674,14,361,3674,71.0,170.0,27,0.0
1015.0,1.0,2021,140.0,3936,22,404,3936,70.0,185.0,23,6.0
1356.0,2.0,2022,118.0,4765,32,368,4765,70.0,185.0,24,8.0
1014.0,2.0,2023,104.0,4698,34,393,4698,70.0,185.0,25,5.0
0.0,2.0,2020,1.0,3796,17,389,3796,71.0,182.0,26,0.0
16.0,3.0,2014,2.0,4447,38,349,4447,75.0,219.0,23,0.0
79.0,3.0,2015,12.0,3825,34,348,3853,75.0,219.0,24,0.0
93.0,2.0,2016,19.0,4445,41,403,4445,75.0,219.0,25,1.0
12.0,2.0,2017,5.0,3532,27,352,3532,75.0,219.0,26,0.0
12.0,2.0,2019,2.0,3443,21,323,3455,73.0,195.0,22,0.0
167.0,2.0,2020,37.0,3115,19,292,3115,73.0,195.0,23,0.0
113.0,2.0,2021,17.0,3959,20,357,3919,73.0,195.0,24,0.0
134.0,2.0,2022,11.0,4040,15,357,4047,73.0,195.0,25,0.0
18.0,3.0,2017,4.0,4326,26,363,4326,74.0,205.0,24,0.0
7.0,2.0,2018,2.0,3287,19,311,3283,74.0,205.0,25,0.0
363.0,2.0,2015,44.0,4449,25,426,4439,74.0,213.0,24,0.0
827.0,1.0,2012,96.0,3178,16,272,3178,69.0,188.0,24,3.0
523.0,2.0,2013,72.0,3270,19,266,3270,69.0,188.0,25,4.0
409.0,1.0,2014,77.0,3206,19,287,3206,69.0,188.0,26,2.0
152.0,2.0,2015,26.0,4170,34,362,4170,69.0,188.0,27,2.0
667.0,1.0,2016,115.0,3166,21,287,3166,69.0,188.0,28,3.0
225.0,2.0,2017,27.0,3501,20,323,3511,69.0,188.0,29,1.0
7.0,2.0,2018,4.0,3052,19,270,3052,69.0,188.0,30,0.0
871.0,1.0,2012,122.0,4075,23,367,4060,72.0,198.0,24,8.0
1318.0,1.0,2014,143.0,4581,29,384,4581,72.0,198.0,26,10.0
1088.0,1.0,2015,124.0,3493,21,310,3493,72.0,198.0,27,8.0
536.0,1.0,2016,76.0,3914,20,365,3925,72.0,198.0,28,2.0
440.0,1.0,2017,72.0,3235,22,363,3235,72.0,198.0,29,3.0
31.0,3.0,2012,7.0,3234,29,259,3228,73.0,210.0,22,0.0
346.0,2.0,2013,38.0,3508,27,267,3508,73.0,210.0,23,4.0
537.0,1.0,2014,70.0,3492,20,287,3492,73.0,210.0,24,1.0
685.0,1.0,2015,69.0,4061,35,333,4063,73.0,210.0,25,5.0
510.0,1.0,2016,89.0,4422,23,368,4422,73.0,210.0,26,1.0
810.0,1.0,2017,103.0,3501,20,323,3511,73.0,210.0,27,5.0
371.0,1.0,2018,76.0,3404,21,299,3404,73.0,210.0,28,1.0
274.0,1.0,2012,51.0,2935,19,300,2935,74.0,190.0,26,0.0
726.0,1.0,2013,100.0,3645,22,325,3645,74.0,190.0,27,2.0
54.0,3.0,2015,19.0,3646,18,322,3646,74.0,190.0,29,1.0
22.0,2.0,2012,5.0,3967,28,323,3967,68.0,189.0,23,1.0
329.0,3.0,2013,44.0,3875,22,325,3875,68.0,189.0,24,2.0
40.0,3.0,2014,9.0,4470,33,383,4470,68.0,189.0,25,0.0
205.0,2.0,2012,27.0,4012,30,354,4010,73.0,205.0,30,0.0
607.0,2.0,2013,76.0,4306,30,377,4252,73.0,205.0,31,11.0
573.0,1.0,2014,79.0,3828,24,327,3820,73.0,205.0,32,1.0
485.0,2.0,2015,54.0,3873,35,300,3873,73.0,205.0,33,3.0
858.0,1.0,2020,115.0,3673,24,317,3673,73.0,195.0,21,4.0
467.0,1.0,2021,56.0,3856,21,354,3856,73.0,195.0,22,0.0
972.0,1.0,2022,100.0,4007,20,345,4007,73.0,195.0,23,6.0
758.0,1.0,2023,87.0,3566,29,337,3566,73.0,195.0,24,2.0
7.0,2.0,2012,1.0,3927,22,284,3920,71.0,185.0,23,0.0
0.0,2.0,2020,1.0,4548,31,413,4548,72.0,224.0,22,0.0
696.0,2.0,2014,103.0,3990,22,320,3990,71.0,178.0,24,5.0
1003.0,2.0,2015,101.0,4775,36,353,4775,71.0,178.0,25,7.0
517.0,2.0,2016,73.0,4425,30,383,4425,71.0,178.0,26,3.0
299.0,2.0,2017,56.0,3979,25,339,3979,71.0,178.0,27,3.0
717.0,1.0,2018,98.0,3708,19,334,3718,71.0,178.0,28,5.0
1060.0,1.0,2019,115.0,3476,22,299,3476,71.0,178.0,29,6.0
458.0,1.0,2020,52.0,4786,40,410,4786,71.0,178.0,30,3.0
42.0,2.0,2022,2.0,4291,35,361,4291,71.0,178.0,32,1.0
169.0,2.0,2020,30.0,3728,23,334,3728,74.0,190.0,24,0.0
158.0,3.0,2023,30.0,4578,28,372,4578,72.0,195.0,23,0.0
0.0,3.0,2017,2.0,3386,26,304,3378,71.0,190.0,22,0.0
210.0,2.0,2018,58.0,3569,28,331,3569,71.0,190.0,23,7.0
506.0,1.0,2019,56.0,3994,23,356,3994,71.0,190.0,24,3.0
17.0,1.0,2020,7.0,3793,20,372,3793,71.0,190.0,25,0.0
224.0,3.0,2021,20.0,3463,18,351,3463,71.0,190.0,26,1.0
11.0,3.0,2019,1.0,4110,35,341,4110,70.0,182.0,25,0.0
17.0,2.0,2019,15.0,3214,18,315,3210,75.0,190.0,28,0.0
325.0,1.0,2012,47.0,2937,13,273,2937,76.0,230.0,23,1.0
28.0,2.0,2013,9.0,3210,21,244,3210,76.0,230.0,24,0.0
418.0,1.0,2023,85.0,3245,17,350,3245,74.0,220.0,22,1.0
911.0,2.0,2023,108.0,4700,31,424,4700,71.0,175.0,21,10.0
26.0,2.0,2017,1.0,3537,19,312,3537,73.0,205.0,26,0.0
137.0,3.0,2012,19.0,3668,18,328,3659,71.0,180.0,26,0.0
207.0,3.0,2015,32.0,4216,22,368,4216,71.0,180.0,29,1.0
232.0,2.0,2016,35.0,3914,21,339,3914,71.0,180.0,30,2.0
3.0,3.0,2016,3.0,3693,17,338,3693,73.0,209.0,23,0.0
244.0,2.0,2012,40.0,3746,25,328,3746,72.0,188.0,27,1.0
209.0,3.0,2016,25.0,3914,21,339,3914,77.0,195.0,24,2.0
142.0,3.0,2017,20.0,3668,22,332,3668,77.0,195.0,25,0.0
747.0,2.0,2012,74.0,4342,40,374,4342,75.0,217.0,27,7.0
1314.0,1.0,2013,127.0,4538,29,366,4538,75.0,217.0,28,8.0
1519.0,1.0,2014,151.0,4447,38,349,4447,75.0,217.0,29,13.0
1257.0,1.0,2016,152.0,4445,41,403,4445,75.0,217.0,31,14.0
482.0,1.0,2017,89.0,3532,27,352,3532,75.0,217.0,32,7.0
0.0,2.0,2014,1.0,4035,32,396,4035,72.0,208.0,25,0.0
224.0,2.0,2015,34.0,3843,25,334,3843,72.0,208.0,26,2.0
282.0,3.0,2016,38.0,4139,21,347,4139,72.0,208.0,27,1.0
376.0,2.0,2017,46.0,3085,14,291,3086,72.0,208.0,28,2.0
119.0,3.0,2018,26.0,3747,29,344,3747,72.0,208.0,29,1.0
20.0,2.0,2019,3.0,3443,21,323,3455,72.0,208.0,30,0.0
121.0,2.0,2013,19.0,4343,26,380,4343,71.0,205.0,22,0.0
66.0,2.0,2016,6.0,4948,28,407,4946,74.0,205.0,24,0.0
502.0,1.0,2017,78.0,4093,31,347,4093,74.0,205.0,25,6.0
532.0,1.0,2018,78.0,3287,19,311,3283,74.0,205.0,26,3.0
771.0,2.0,2023,98.0,3882,19,355,3882,69.0,171.0,22,2.0
797.0,1.0,2012,95.0,3668,18,328,3659,75.0,225.0,21,5.0
1646.0,1.0,2013,159.0,4372,29,379,4372,75.0,225.0,22,9.0
303.0,1.0,2014,47.0,3678,12,274,3678,75.0,225.0,23,0.0
335.0,1.0,2017,42.0,3537,19,312,3537,75.0,225.0,26,1.0
737.0,2.0,2018,71.0,4405,29,378,4405,75.0,225.0,27,4.0
426.0,2.0,2019,47.0,4153,29,378,4153,75.0,225.0,28,1.0
32.0,3.0,2021,14.0,4937,38,448,4928,75.0,225.0,30,1.0
0.0,3.0,2022,1.0,3227,19,285,3227,75.0,225.0,31,0.0
98.0,2.0,2014,18.0,4581,29,384,4581,71.0,206.0,23,0.0
312.0,1.0,2015,40.0,4341,25,405,4337,71.0,206.0,24,3.0
113.0,2.0,2016,23.0,3798,16,380,3798,71.0,206.0,25,1.0
63.0,3.0,2017,17.0,3386,26,304,3378,75.0,205.0,21,1.0
12.0,2.0,2018,5.0,3569,28,331,3569,75.0,205.0,22,0.0
16.0,3.0,2020,6.0,3115,19,292,3115,75.0,205.0,24,0.0
510.0,1.0,2012,73.0,3666,24,291,3666,72.0,219.0,27,2.0
214.0,2.0,2013,33.0,4057,22,355,4057,72.0,219.0,28,0.0
70.0,2.0,2014,19.0,4035,32,396,4035,72.0,219.0,29,1.0
353.0,2.0,2021,49.0,5014,41,443,5014,73.0,210.0,22,4.0
771.0,2.0,2022,108.0,4791,27,485,4777,73.0,210.0,23,3.0
581.0,1.0,2023,61.0,4312,27,409,4295,73.0,210.0,24,2.0
104.0,2.0,2017,24.0,4023,29,320,4019,75.0,192.0,22,1.0
402.0,2.0,2018,53.0,4730,33,368,4730,75.0,192.0,23,5.0
326.0,2.0,2019,43.0,4669,26,397,4669,75.0,192.0,24,1.0
618.0,1.0,2020,81.0,4183,22,392,4179,75.0,192.0,25,2.0
396.0,2.0,2021,49.0,3745,23,359,3745,75.0,192.0,26,2.0
479.0,1.0,2022,59.0,4444,32,383,4430,75.0,192.0,27,3.0
608.0,1.0,2023,64.0,4606,33,408,4606,75.0,192.0,28,5.0
72.0,2.0,2012,12.0,3668,18,328,3659,73.0,192.0,29,0.0
6.0,2.0,2013,2.0,3270,19,266,3270,73.0,192.0,30,0.0
8.0,1.0,2014,1.0,5062,46,410,5062,73.0,192.0,31,0.0
917.0,2.0,2017,79.0,4534,31,384,4534,73.0,215.0,21,7.0
1385.0,1.0,2018,167.0,5174,36,459,5131,73.0,215.0,22,8.0
552.0,1.0,2019,71.0,3214,18,315,3210,73.0,215.0,23,3.0
833.0,1.0,2020,129.0,4129,36,428,4115,73.0,215.0,24,10.0
129.0,1.0,2021,28.0,4017,24,425,4005,73.0,215.0,25,0.0
933.0,1.0,2022,102.0,5250,41,435,5250,73.0,215.0,26,3.0
260.0,1.0,2023,47.0,3392,21,351,3389,73.0,215.0,27,1.0
235.0,2.0,2012,32.0,4844,35,402,4844,70.0,198.0,26,3.0
1060.0,1.0,2013,153.0,4343,26,380,4343,70.0,198.0,27,6.0
972.0,1.0,2014,135.0,4291,36,392,4291,70.0,198.0,28,4.0
692.0,1.0,2015,88.0,4812,38,404,4812,70.0,198.0,29,8.0
1106.0,2.0,2016,159.0,4456,32,368,4456,70.0,198.0,30,3.0
850.0,1.0,2018,108.0,4405,29,378,4405,70.0,198.0,32,6.0
1119.0,1.0,2019,154.0,4153,29,378,4153,70.0,198.0,33,8.0
315.0,1.0,2020,39.0,3124,14,283,3124,70.0,198.0,34,1.0
1198.0,1.0,2012,129.0,4719,33,422,4719,75.0,220.0,23,10.0
580.0,1.0,2013,60.0,4549,30,444,4548,75.0,220.0,24,2.0
1593.0,1.0,2014,163.0,4758,33,418,4758,75.0,220.0,25,7.0
1871.0,1.0,2015,203.0,4602,22,410,4602,75.0,220.0,26,8.0
1409.0,1.0,2016,130.0,4960,40,374,4960,75.0,220.0,27,6.0
1444.0,1.0,2017,148.0,4146,23,343,4146,75.0,220.0,28,4.0
1677.0,1.0,2018,170.0,4949,39,428,4949,75.0,220.0,29,8.0
1394.0,1.0,2019,158.0,5049,32,459,5049,75.0,220.0,30,6.0
771.0,1.0,2020,68.0,4620,27,408,4620,75.0,220.0,31,3.0
434.0,1.0,2021,48.0,3745,23,359,3745,75.0,220.0,32,1.0
299.0,2.0,2022,43.0,4746,26,499,4732,75.0,220.0,33,2.0
74.0,2.0,2023,19.0,4067,26,369,4067,75.0,220.0,34,3.0
867.0,1.0,2012,134.0,3746,25,328,3746,73.0,210.0,22,6.0
415.0,1.0,2013,49.0,3751,20,349,3751,73.0,210.0,23,2.0
194.0,2.0,2015,36.0,4602,22,410,4602,70.0,192.0,24,0.0
203.0,2.0,2016,31.0,4960,40,374,4960,70.0,192.0,25,4.0
221.0,2.0,2017,29.0,4146,23,343,4146,70.0,192.0,26,3.0
133.0,1.0,2018,22.0,4949,39,428,4949,70.0,192.0,27,2.0
195.0,2.0,2019,27.0,5049,32,459,5049,70.0,192.0,28,0.0
354.0,3.0,2013,42.0,3710,24,328,3710,76.0,203.0,22,4.0
498.0,2.0,2014,67.0,3738,22,299,3695,76.0,203.0,23,4.0
264.0,2.0,2015,31.0,3893,29,342,3893,76.0,203.0,24,1.0
189.0,2.0,2016,24.0,3250,17,286,3228,76.0,203.0,25,4.0
23.0,3.0,2017,10.0,4534,31,384,4534,76.0,203.0,26,1.0
21.0,2.0,2018,13.0,5174,36,459,5131,76.0,203.0,27,0.0
1404.0,1.0,2020,128.0,4265,37,349,4265,73.0,195.0,21,7.0
1616.0,1.0,2021,170.0,4450,34,398,4450,73.0,195.0,22,10.0
1821.0,1.0,2022,185.0,4818,32,448,4808,73.0,195.0,23,8.0
1074.0,1.0,2023,100.0,4700,31,424,4700,73.0,195.0,24,5.0
5.0,3.0,2018,3.0,5358,40,408,5358,74.0,215.0,23,0.0
159.0,2.0,2019,26.0,5127,40,382,5127,74.0,215.0,24,3.0
94.0,2.0,2020,11.0,4776,44,410,4776,74.0,215.0,25,2.0
315.0,3.0,2022,34.0,5250,41,435,5250,74.0,215.0,27,2.0
460.0,2.0,2023,53.0,4383,30,421,4376,74.0,215.0,28,4.0
53.0,3.0,2023,11.0,4383,30,421,4376,76.0,210.0,24,0.0
58.0,3.0,2021,13.0,4526,39,402,4526,73.0,210.0,25,0.0
17.0,2.0,2022,4.0,3890,28,364,3896,73.0,210.0,26,0.0
0.0,2.0,2023,1.0,3882,19,355,3882,73.0,210.0,27,0.0
0.0,2.0,2017,1.0,3226,19,285,3226,76.0,190.0,24,0.0
381.0,2.0,2020,56.0,3673,24,317,3673,69.0,178.0,21,3.0
74.0,2.0,2021,10.0,3856,21,354,3856,69.0,178.0,22,0.0
165.0,2.0,2022,14.0,4007,20,345,4007,69.0,178.0,23,0.0
73.0,2.0,2020,11.0,4548,31,413,4548,72.0,197.0,23,0.0
30.0,2.0,2021,3.0,5014,41,443,5014,72.0,197.0,24,0.0
655.0,2.0,2021,82.0,4450,34,398,4450,72.0,200.0,24,7.0
650.0,2.0,2022,90.0,4818,32,448,4808,72.0,200.0,25,5.0
540.0,1.0,2023,75.0,4700,31,424,4700,72.0,200.0,26,4.0
420.0,2.0,2021,57.0,3463,18,351,3463,72.0,193.0,22,1.0
171.0,2.0,2022,20.0,5250,41,435,5250,72.0,193.0,23,2.0
169.0,1.0,2023,38.0,4383,30,421,4376,72.0,193.0,24,2.0
85.0,2.0,2017,20.0,3065,18,288,3065,70.0,195.0,25,0.0
0.0,2.0,2016,2.0,3914,21,339,3914,68.0,180.0,22,0.0
12.0,2.0,2017,1.0,3680,21,373,3680,68.0,180.0,23,0.0
170.0,2.0,2019,12.0,3956,29,297,3956,68.0,180.0,25,1.0
187.0,1.0,2020,15.0,3826,34,316,3826,68.0,180.0,26,0.0
586.0,1.0,2021,71.0,3884,25,396,3874,68.0,180.0,27,4.0
616.0,1.0,2022,64.0,4444,32,383,4430,68.0,180.0,28,0.0
489.0,1.0,2023,44.0,4606,33,408,4606,68.0,180.0,29,1.0
267.0,2.0,2014,32.0,3986,27,344,3986,74.0,216.0,25,3.0
954.0,1.0,2015,128.0,4449,25,426,4439,74.0,216.0,26,6.0
328.0,2.0,2016,50.0,4343,20,439,4343,74.0,216.0,27,1.0
133.0,2.0,2017,44.0,3226,19,285,3226,74.0,216.0,28,1.0
53.0,1.0,2018,7.0,4524,30,422,4527,74.0,216.0,29,0.0
8.0,3.0,2015,1.0,4061,35,333,4063,74.0,219.0,23,0.0
84.0,3.0,2017,18.0,3537,19,312,3537,74.0,219.0,25,0.0
19.0,3.0,2023,7.0,3392,21,351,3389,71.0,197.0,21,0.0
189.0,2.0,2019,43.0,3797,23,355,3797,73.0,201.0,23,1.0
173.0,2.0,2020,23.0,4102,30,387,4102,73.0,201.0,24,0.0
748.0,2.0,2017,83.0,3716,22,316,3716,73.0,194.0,24,4.0
491.0,1.0,2018,70.0,3431,16,329,3423,73.0,194.0,25,1.0
361.0,3.0,2019,36.0,4023,26,364,4022,73.0,194.0,26,3.0
642.0,1.0,2020,89.0,3955,25,387,3955,73.0,194.0,27,5.0
449.0,2.0,2021,52.0,3959,20,357,3919,73.0,194.0,28,1.0
141.0,2.0,2022,21.0,4182,31,359,4182,73.0,194.0,29,1.0
1393.0,1.0,2017,159.0,4551,29,366,4551,74.0,211.0,25,6.0
1198.0,1.0,2018,137.0,4316,34,348,4316,74.0,211.0,26,7.0
1199.0,1.0,2019,149.0,4648,26,394,4648,74.0,211.0,27,6.0
994.0,1.0,2020,149.0,4548,31,413,4548,74.0,211.0,28,8.0
1138.0,1.0,2021,158.0,5014,41,443,5014,74.0,211.0,29,6.0
766.0,1.0,2022,89.0,4791,27,485,4777,74.0,211.0,30,4.0
1257.0,1.0,2023,150.0,4312,27,409,4295,74.0,211.0,31,7.0
209.0,3.0,2018,21.0,4174,33,381,4174,75.0,210.0,25,2.0
37.0,2.0,2023,9.0,4225,30,406,4225,75.0,210.0,30,1.0
129.0,2.0,2015,32.0,4079,31,358,4079,72.0,210.0,23,0.0
69.0,3.0,2016,12.0,3418,16,347,3432,72.0,210.0,24,0.0
287.0,2.0,2018,41.0,4165,26,345,4165,71.0,187.0,21,1.0
254.0,2.0,2019,36.0,4083,28,355,4083,71.0,187.0,22,1.0
402.0,2.0,2020,41.0,4843,34,383,4821,71.0,187.0,23,4.0
20.0,1.0,2022,1.0,3855,22,398,3854,71.0,187.0,25,0.0
1016.0,1.0,2014,146.0,3828,24,327,3820,77.0,245.0,23,9.0
946.0,1.0,2016,118.0,3962,25,306,3957,77.0,245.0,25,7.0
671.0,1.0,2017,77.0,3319,23,293,3319,77.0,245.0,26,4.0
380.0,1.0,2018,67.0,3052,19,270,3052,77.0,245.0,27,2.0
365.0,2.0,2019,44.0,3205,21,298,3205,74.0,215.0,23,0.0
466.0,2.0,2013,69.0,4343,26,380,4343,72.0,195.0,25,4.0
165.0,2.0,2015,33.0,4170,34,362,4170,72.0,195.0,27,0.0
175.0,2.0,2021,23.0,3856,21,354,3856,72.0,195.0,24,1.0
311.0,2.0,2022,33.0,4007,20,345,4007,72.0,195.0,25,0.0
626.0,2.0,2012,104.0,3577,22,318,3585,70.0,185.0,23,4.0
1079.0,1.0,2013,140.0,3710,24,328,3710,70.0,185.0,24,2.0
715.0,1.0,2014,93.0,3738,22,299,3695,70.0,185.0,25,6.0
408.0,1.0,2015,60.0,3893,29,342,3893,70.0,185.0,26,3.0
416.0,2.0,2016,43.0,3720,33,307,3720,70.0,185.0,27,4.0
614.0,1.0,2017,92.0,3085,14,291,3086,70.0,185.0,28,1.0
257.0,2.0,2017,34.0,4235,16,362,4235,73.0,205.0,22,0.0
487.0,3.0,2018,67.0,4247,30,331,4247,73.0,205.0,23,5.0
360.0,2.0,2019,46.0,4029,30,331,4029,73.0,205.0,24,5.0
669.0,1.0,2020,75.0,4320,28,371,4317,73.0,205.0,25,3.0
800.0,2.0,2021,70.0,4098,28,364,4098,73.0,205.0,26,6.0
434.0,2.0,2022,48.0,3815,20,358,3815,73.0,205.0,27,1.0
406.0,2.0,2023,55.0,3392,21,351,3389,73.0,205.0,28,6.0
583.0,1.0,2012,91.0,3577,22,318,3585,75.0,230.0,24,4.0
96.0,2.0,2013,35.0,3710,24,328,3710,75.0,230.0,25,0.0
1002.0,1.0,2016,111.0,3313,20,312,3313,75.0,230.0,28,6.0
256.0,2.0,2017,43.0,3537,19,312,3537,75.0,230.0,29,3.0
477.0,2.0,2017,49.0,4470,34,374,4470,76.0,214.0,24,3.0
1063.0,2.0,2018,122.0,3844,24,375,3844,76.0,214.0,25,5.0
1190.0,1.0,2019,117.0,4187,29,344,4187,76.0,214.0,26,11.0
338.0,1.0,2020,32.0,4397,30,374,4397,76.0,214.0,27,2.0
521.0,1.0,2021,77.0,3463,18,351,3463,76.0,214.0,28,0.0
81.0,1.0,2022,17.0,3431,17,346,3431,76.0,214.0,29,1.0
641.0,2.0,2013,50.0,5162,41,446,5162,73.0,202.0,21,5.0
931.0,1.0,2014,84.0,4952,37,456,4952,73.0,202.0,22,3.0
440.0,1.0,2015,63.0,4231,26,365,4231,73.0,202.0,23,3.0
726.0,1.0,2016,81.0,3716,28,316,3716,73.0,202.0,24,10.0
847.0,1.0,2017,105.0,3792,27,373,3792,73.0,202.0,25,7.0
610.0,1.0,2018,65.0,3309,29,292,3254,73.0,202.0,26,7.0
561.0,2.0,2019,55.0,4083,28,355,4083,73.0,202.0,27,4.0
144.0,2.0,2020,19.0,4843,34,383,4821,73.0,202.0,28,1.0
68.0,2.0,2021,23.0,3437,32,293,3437,73.0,202.0,29,1.0
85.0,2.0,2012,28.0,4046,22,354,4046,71.0,195.0,22,1.0
253.0,1.0,2013,40.0,4183,25,371,4183,71.0,195.0,23,2.0
78.0,2.0,2014,12.0,3460,24,295,3460,71.0,195.0,24,0.0
269.0,3.0,2015,37.0,4812,38,404,4812,71.0,195.0,25,2.0
436.0,2.0,2012,55.0,4992,32,434,4992,73.0,198.0,25,4.0
269.0,2.0,2013,45.0,4650,33,371,4650,73.0,198.0,26,2.0
50.0,3.0,2014,9.0,4470,33,383,4470,73.0,198.0,27,0.0
518.0,1.0,2012,68.0,4046,22,354,4046,75.0,216.0,31,2.0
187.0,1.0,2016,36.0,4139,21,347,4139,75.0,216.0,24,0.0
6.0,1.0,2017,4.0,3085,14,291,3086,75.0,216.0,25,0.0
92.0,2.0,2018,8.0,3747,29,344,3747,75.0,216.0,26,0.0
38.0,3.0,2021,5.0,3437,32,293,3437,75.0,216.0,29,0.0
74.0,2.0,2022,5.0,3969,27,338,3969,75.0,216.0,30,0.0
17.0,2.0,2018,3.0,4730,33,368,4730,74.0,208.0,23,0.0
76.0,3.0,2019,10.0,3847,23,318,3847,74.0,208.0,24,0.0
180.0,2.0,2020,17.0,3701,28,315,3701,74.0,208.0,25,0.0
159.0,2.0,2021,28.0,3884,25,396,3874,74.0,208.0,26,0.0
204.0,2.0,2022,21.0,2927,17,257,2927,74.0,208.0,27,1.0
232.0,2.0,2023,23.0,3775,18,327,3775,74.0,208.0,28,0.0
163.0,2.0,2022,21.0,4291,35,361,4291,72.0,190.0,22,1.0
611.0,2.0,2023,46.0,4306,29,385,4306,72.0,190.0,23,2.0
13.0,2.0,2021,3.0,3936,22,404,3936,73.0,214.0,24,0.0
4.0,3.0,2019,1.0,4431,36,418,4431,75.0,217.0,24,0.0
78.0,2.0,2022,13.0,3227,19,285,3227,71.0,189.0,23,0.0
181.0,2.0,2023,22.0,3512,16,304,3512,71.0,189.0,24,0.0
186.0,2.0,2012,24.0,4374,26,339,4374,71.0,194.0,23,1.0
161.0,2.0,2013,27.0,3952,25,350,3952,71.0,194.0,24,2.0
0.0,2.0,2022,5.0,3506,19,347,3506,75.0,202.0,23,0.0
1041.0,2.0,2012,104.0,5187,46,423,5187,69.0,187.0,29,6.0
457.0,2.0,2013,54.0,5162,41,446,5162,69.0,187.0,30,2.0
200.0,2.0,2014,27.0,4997,33,411,5013,69.0,187.0,31,2.0
337.0,2.0,2015,43.0,4463,34,420,4463,69.0,187.0,32,4.0
15.0,2.0,2016,3.0,4119,20,414,4119,74.0,215.0,21,0.0
200.0,2.0,2017,35.0,3929,25,357,3929,74.0,215.0,22,0.0
302.0,2.0,2018,53.0,4298,35,425,4298,74.0,215.0,23,2.0
184.0,2.0,2019,16.0,3729,26,319,3725,74.0,215.0,24,1.0
49.0,2.0,2020,7.0,4620,27,408,4620,74.0,215.0,25,2.0
434.0,2.0,2021,51.0,3674,14,361,3674,74.0,215.0,26,1.0
42.0,3.0,2022,10.0,4282,31,399,4282,74.0,215.0,27,0.0
798.0,1.0,2012,156.0,3383,17,337,3383,75.0,218.0,29,6.0
954.0,1.0,2013,135.0,4291,25,363,4291,75.0,218.0,30,10.0
784.0,1.0,2014,105.0,3990,22,320,3990,75.0,218.0,31,2.0
1215.0,1.0,2015,145.0,4775,36,353,4775,75.0,218.0,32,9.0
1023.0,1.0,2016,150.0,4425,30,383,4425,75.0,218.0,33,6.0
1158.0,1.0,2017,162.0,3979,25,339,3979,75.0,218.0,34,7.0
736.0,1.0,2018,113.0,2884,19,283,2884,75.0,218.0,35,6.0
835.0,1.0,2019,107.0,3797,23,355,3797,75.0,218.0,36,6.0
409.0,1.0,2020,72.0,4102,30,387,4102,75.0,218.0,37,1.0
5.0,3.0,2017,1.0,3716,22,316,3716,72.0,196.0,25,0.0
252.0,1.0,2012,43.0,3746,25,328,3746,74.0,205.0,27,0.0
62.0,2.0,2012,11.0,3577,22,318,3585,71.0,194.0,26,0.0
600.0,2.0,2020,79.0,3955,25,387,3955,73.0,224.0,22,5.0
619.0,1.0,2021,100.0,3674,14,361,3674,73.0,224.0,23,0.0
272.0,2.0,2022,32.0,3246,18,267,3226,73.0,224.0,24,1.0
60.0,2.0,2023,10.0,3245,17,350,3245,73.0,224.0,25,0.0
543.0,2.0,2012,57.0,3666,24,291,3666,74.0,211.0,24,3.0
375.0,2.0,2013,50.0,4057,22,355,4057,74.0,211.0,25,4.0
0.0,3.0,2014,1.0,4461,22,364,4461,74.0,211.0,26,0.0
327.0,2.0,2015,47.0,4602,22,410,4602,74.0,211.0,27,3.0
29.0,2.0,2016,6.0,3716,28,316,3716,73.0,215.0,22,1.0
69.0,2.0,2017,14.0,3792,27,373,3792,73.0,215.0,23,0.0
94.0,2.0,2018,4.0,3309,29,292,3254,73.0,215.0,24,1.0
151.0,2.0,2012,12.0,4046,22,354,4046,75.0,202.0,24,1.0
35.0,3.0,2013,8.0,4183,25,371,4183,75.0,202.0,25,0.0
0.0,3.0,2019,1.0,4431,36,418,4431,76.0,225.0,21,0.0
46.0,2.0,2020,5.0,3945,28,370,3945,76.0,225.0,22,1.0
249.0,2.0,2021,19.0,3437,32,293,3437,76.0,225.0,23,3.0
20.0,3.0,2022,4.0,3815,20,358,3815,76.0,225.0,24,0.0
162.0,2.0,2023,19.0,3566,29,337,3566,76.0,225.0,25,3.0
336.0,2.0,2012,61.0,3927,22,284,3920,74.0,200.0,25,1.0
37.0,2.0,2013,13.0,3875,22,325,3875,74.0,200.0,26,1.0
380.0,2.0,2014,56.0,3623,23,301,3623,74.0,200.0,27,2.0
198.0,2.0,2015,18.0,4042,25,312,4047,74.0,200.0,28,0.0
121.0,2.0,2017,17.0,4235,16,362,4235,74.0,200.0,30,1.0
16.0,2.0,2015,8.0,3677,21,334,3677,69.0,180.0,23,0.0
48.0,2.0,2016,3.0,3799,25,325,3799,69.0,180.0,24,0.0
211.0,3.0,2020,37.0,3937,25,370,3937,73.0,204.0,23,0.0
83.0,2.0,2023,16.0,4225,30,406,4225,73.0,204.0,26,0.0
226.0,2.0,2017,22.0,3967,40,341,3967,76.0,221.0,24,1.0
125.0,2.0,2019,23.0,4063,27,391,4063,76.0,221.0,26,0.0
176.0,2.0,2020,26.0,3937,25,370,3937,76.0,221.0,27,1.0
223.0,2.0,2021,29.0,3936,22,404,3936,76.0,221.0,28,4.0
690.0,2.0,2022,94.0,4182,31,359,4182,76.0,221.0,29,5.0
251.0,1.0,2023,30.0,3775,18,327,3775,76.0,221.0,30,0.0
401.0,2.0,2016,48.0,4456,32,368,4456,73.0,200.0,23,4.0
125.0,2.0,2023,24.0,4210,32,374,4210,74.0,213.0,23,1.0
66.0,2.0,2020,6.0,4299,49,372,4299,73.0,220.0,25,1.0
14.0,2.0,2021,3.0,4526,39,402,4526,73.0,220.0,26,0.0
13.0,3.0,2023,4.0,3373,13,356,3373,73.0,220.0,28,0.0
20.0,3.0,2018,3.0,3448,37,280,3448,74.0,202.0,22,0.0
245.0,3.0,2019,22.0,4110,35,341,4110,74.0,202.0,23,1.0
149.0,2.0,2021,16.0,4963,42,444,4949,74.0,202.0,25,3.0
45.0,2.0,2017,8.0,3967,40,341,3967,73.0,207.0,23,0.0
102.0,3.0,2018,8.0,4595,42,432,4595,73.0,207.0,24,1.0
277.0,2.0,2019,33.0,3314,24,307,3314,73.0,207.0,25,2.0
255.0,1.0,2020,28.0,4186,25,371,4186,73.0,207.0,26,0.0
160.0,1.0,2021,19.0,3745,23,359,3745,73.0,207.0,27,0.0
99.0,2.0,2022,23.0,3431,17,346,3431,73.0,207.0,28,0.0
7.0,3.0,2018,2.0,5126,52,385,5126,76.0,210.0,23,0.0
11.0,3.0,2020,1.0,5005,40,420,5005,76.0,210.0,25,0.0
24.0,3.0,2021,5.0,4937,38,448,4928,76.0,210.0,26,0.0
15.0,3.0,2015,1.0,4104,33,334,4104,68.0,177.0,23,0.0
449.0,2.0,2012,57.0,3551,23,289,3551,71.0,183.0,26,1.0
85.0,2.0,2013,23.0,3210,21,244,3210,71.0,183.0,27,0.0
64.0,2.0,2013,13.0,4306,30,377,4252,71.0,185.0,22,0.0
654.0,2.0,2014,86.0,4997,33,411,5013,71.0,185.0,23,2.0
751.0,2.0,2015,80.0,4822,26,391,4832,71.0,185.0,24,5.0
53.0,1.0,2016,10.0,4377,33,381,4377,71.0,185.0,25,1.0
48.0,2.0,2017,17.0,3085,14,291,3086,71.0,185.0,26,0.0
526.0,2.0,2013,84.0,3914,23,363,3908,77.0,214.0,22,8.0
255.0,2.0,2014,31.0,3986,27,344,3986,77.0,214.0,23,0.0
112.0,2.0,2015,30.0,4449,25,426,4439,77.0,214.0,24,0.0
422.0,2.0,2014,69.0,3451,20,325,3451,72.0,196.0,23,1.0
191.0,2.0,2015,32.0,4428,39,355,4428,72.0,196.0,24,1.0
851.0,2.0,2016,105.0,3925,27,369,3925,72.0,196.0,25,4.0
704.0,1.0,2017,97.0,3716,22,316,3716,72.0,196.0,26,3.0
18.0,2.0,2019,4.0,4023,26,364,4022,72.0,196.0,28,0.0
1154.0,1.0,2012,130.0,5187,46,423,5187,76.0,225.0,29,11.0
943.0,1.0,2013,110.0,5162,41,446,5162,76.0,225.0,30,5.0
902.0,1.0,2014,99.0,4952,37,456,4952,76.0,225.0,31,5.0
520.0,1.0,2015,68.0,5205,34,460,5205,76.0,225.0,32,5.0
13.0,3.0,2013,3.0,4450,39,373,4450,76.0,206.0,21,0.0
140.0,2.0,2014,32.0,4035,32,396,4035,76.0,206.0,22,1.0
464.0,2.0,2015,51.0,3843,25,334,3843,76.0,206.0,23,1.0
160.0,2.0,2016,16.0,4139,21,347,4139,76.0,206.0,24,1.0
213.0,3.0,2020,27.0,3945,28,370,3945,74.0,204.0,22,0.0
698.0,1.0,2021,84.0,3437,32,293,3437,74.0,204.0,23,6.0
158.0,1.0,2022,32.0,3969,27,338,3969,74.0,204.0,24,2.0
581.0,2.0,2018,74.0,4629,26,392,4629,76.0,206.0,24,2.0
452.0,1.0,2019,56.0,4017,26,356,4017,76.0,206.0,25,2.0
690.0,1.0,2020,63.0,4299,49,372,4299,76.0,206.0,26,6.0
430.0,1.0,2021,56.0,4526,39,402,4526,76.0,206.0,27,3.0
687.0,1.0,2022,81.0,5250,41,435,5250,76.0,206.0,28,2.0
315.0,1.0,2023,42.0,4383,30,421,4376,76.0,206.0,29,1.0
0.0,3.0,2017,3.0,3680,21,373,3680,77.0,220.0,23,0.0
584.0,2.0,2019,71.0,3350,37,289,3350,69.0,180.0,22,7.0
769.0,2.0,2020,100.0,2919,29,257,2919,69.0,180.0,23,8.0
1008.0,1.0,2021,147.0,4267,24,396,4267,69.0,180.0,24,6.0
709.0,1.0,2022,107.0,3966,19,433,3966,69.0,180.0,25,4.0
574.0,1.0,2023,104.0,3430,21,355,3430,69.0,180.0,26,4.0
283.0,2.0,2013,32.0,3373,19,299,3373,69.0,185.0,23,3.0
42.0,2.0,2014,9.0,3856,25,363,3863,69.0,185.0,24,0.0
24.0,3.0,2015,2.0,3600,25,295,3600,69.0,185.0,25,0.0
413.0,2.0,2016,68.0,3250,17,286,3228,69.0,185.0,26,3.0
962.0,1.0,2017,105.0,4235,16,362,4235,69.0,185.0,27,2.0
395.0,1.0,2018,44.0,4247,30,331,4247,69.0,185.0,28,4.0
186.0,1.0,2019,21.0,4029,30,331,4029,69.0,185.0,29,1.0
313.0,1.0,2021,40.0,3635,18,332,3635,69.0,185.0,31,1.0
387.0,2.0,2022,42.0,4282,31,399,4282,69.0,185.0,32,4.0
67.0,2.0,2023,13.0,4011,29,355,4011,69.0,185.0,33,0.0
549.0,3.0,2014,49.0,4997,33,411,5013,76.0,211.0,23,8.0
765.0,2.0,2015,92.0,4822,26,391,4832,76.0,211.0,24,6.0
605.0,1.0,2017,85.0,4534,31,384,4534,76.0,211.0,26,3.0
60.0,3.0,2017,9.0,4146,23,343,4146,70.0,190.0,24,1.0
149.0,2.0,2018,20.0,4949,39,428,4949,70.0,190.0,25,1.0
261.0,2.0,2019,11.0,4187,29,344,4187,70.0,190.0,26,1.0
302.0,2.0,2020,32.0,4397,30,374,4397,70.0,190.0,27,2.0
201.0,3.0,2012,32.0,3807,32,335,3807,74.0,199.0,22,1.0
712.0,2.0,2013,80.0,4318,35,364,4318,74.0,199.0,23,11.0
816.0,2.0,2015,103.0,4104,33,334,4104,74.0,199.0,25,4.0
930.0,1.0,2016,103.0,4327,25,388,4327,74.0,199.0,26,4.0
1101.0,1.0,2017,108.0,4470,34,374,4470,74.0,199.0,27,10.0
508.0,1.0,2018,62.0,3844,24,375,3844,74.0,199.0,28,5.0
779.0,1.0,2019,91.0,4187,29,344,4187,74.0,199.0,29,9.0
978.0,1.0,2020,116.0,4397,30,374,4397,74.0,199.0,30,10.0
832.0,1.0,2021,120.0,3674,14,361,3674,74.0,199.0,31,4.0
535.0,1.0,2022,81.0,4148,25,394,4151,74.0,199.0,32,3.0
35.0,1.0,2023,10.0,4606,33,408,4606,74.0,199.0,33,0.0
377.0,1.0,2023,33.0,3566,29,337,3566,71.0,182.0,21,1.0
0.0,2.0,2015,1.0,4231,26,365,4231,73.0,195.0,23,0.0
1.0,3.0,2017,1.0,3226,19,285,3226,73.0,195.0,25,0.0
0.0,2.0,2015,1.0,4812,38,404,4812,72.0,205.0,30,0.0
0.0,3.0,2016,1.0,4456,32,368,4456,72.0,205.0,31,0.0
66.0,2.0,2016,12.0,4948,28,407,4946,75.0,205.0,24,0.0
62.0,2.0,2017,6.0,4093,31,347,4093,75.0,205.0,25,1.0
304.0,2.0,2018,47.0,3287,19,311,3283,75.0,205.0,26,0.0
4.0,3.0,2017,1.0,3716,22,316,3716,74.0,200.0,23,0.0
538.0,2.0,2019,41.0,4690,30,378,4667,70.0,187.0,21,6.0
562.0,1.0,2020,63.0,5005,40,420,5005,70.0,187.0,22,4.0
693.0,1.0,2021,83.0,4937,38,448,4928,70.0,187.0,23,2.0
297.0,2.0,2022,34.0,5250,41,435,5250,70.0,187.0,24,4.0
124.0,2.0,2023,24.0,3373,13,356,3373,70.0,187.0,25,0.0
89.0,3.0,2022,21.0,4791,27,485,4777,70.0,190.0,25,0.0
102.0,3.0,2014,9.0,3986,27,344,3986,69.0,191.0,23,1.0
35.0,2.0,2015,6.0,4449,25,426,4439,69.0,191.0,24,0.0
0.0,2.0,2016,1.0,4343,20,439,4343,69.0,191.0,25,0.0
173.0,2.0,2017,27.0,3235,22,363,3235,69.0,191.0,26,1.0
41.0,3.0,2017,14.0,3532,27,352,3532,78.0,217.0,22,0.0
1105.0,1.0,2012,126.0,3551,23,289,3551,73.0,215.0,25,9.0
284.0,1.0,2013,33.0,3210,21,244,3210,73.0,215.0,26,1.0
698.0,1.0,2014,108.0,3407,22,292,3407,73.0,215.0,27,4.0
598.0,1.0,2018,100.0,3708,19,334,3718,73.0,215.0,31,3.0
22.0,1.0,2019,5.0,3797,23,355,3797,73.0,215.0,32,0.0
562.0,2.0,2012,86.0,3383,17,337,3383,74.0,220.0,23,2.0
1041.0,1.0,2013,114.0,4291,25,363,4291,74.0,220.0,24,5.0
841.0,1.0,2014,99.0,3990,22,320,3990,74.0,220.0,25,7.0
849.0,1.0,2015,89.0,4775,36,353,4775,74.0,220.0,26,6.0
488.0,1.0,2016,77.0,4425,30,383,4425,74.0,220.0,27,5.0
78.0,3.0,2017,17.0,3929,25,357,3929,74.0,220.0,28,0.0
102.0,2.0,2018,25.0,3287,19,311,3283,74.0,220.0,29,2.0
507.0,2.0,2018,68.0,3885,23,356,3885,73.0,205.0,22,2.0
1107.0,1.0,2019,113.0,4902,30,388,4902,73.0,205.0,23,6.0
843.0,1.0,2020,105.0,4511,28,413,4511,73.0,205.0,24,5.0
445.0,1.0,2021,62.0,4963,42,444,4949,73.0,205.0,25,2.0
424.0,1.0,2022,74.0,3911,31,355,3911,73.0,205.0,26,4.0
418.0,1.0,2023,57.0,4660,37,428,4660,73.0,205.0,27,2.0
449.0,2.0,2012,72.0,2935,19,300,2935,76.0,215.0,30,3.0
503.0,2.0,2020,61.0,4186,25,371,4186,76.0,223.0,23,1.0
1084.0,1.0,2021,130.0,3588,28,324,3578,76.0,223.0,24,6.0
925.0,1.0,2022,142.0,3855,22,398,3854,76.0,223.0,25,4.0
1156.0,1.0,2023,158.0,3882,19,355,3882,76.0,223.0,26,4.0
1137.0,1.0,2016,121.0,5258,41,472,5258,75.0,212.0,23,10.0
1245.0,1.0,2017,149.0,4334,24,386,4334,75.0,212.0,24,5.0
1405.0,1.0,2018,148.0,4174,33,381,4174,75.0,212.0,25,9.0
1725.0,1.0,2019,185.0,4431,36,418,4431,75.0,212.0,26,9.0
438.0,1.0,2020,55.0,3945,28,370,3945,75.0,212.0,27,0.0
171.0,1.0,2022,22.0,3969,27,338,3969,75.0,212.0,29,3.0
448.0,1.0,2023,64.0,4225,30,406,4225,75.0,212.0,30,1.0
15.0,2.0,2019,3.0,4023,26,364,4022,71.0,194.0,23,0.0
565.0,1.0,2023,58.0,3430,21,355,3430,74.0,213.0,23,4.0
1051.0,1.0,2014,123.0,3623,23,301,3623,77.0,231.0,21,12.0
1211.0,1.0,2015,148.0,4042,25,312,4047,77.0,231.0,22,3.0
1325.0,1.0,2016,175.0,4165,31,355,4165,77.0,231.0,23,12.0
1006.0,1.0,2017,138.0,4607,27,378,4613,77.0,231.0,24,5.0
1524.0,1.0,2018,139.0,5358,40,408,5358,77.0,231.0,25,8.0
1159.0,1.0,2019,119.0,5127,40,382,5127,77.0,231.0,26,9.0
1006.0,1.0,2020,111.0,4776,44,410,4776,77.0,231.0,27,13.0
1035.0,1.0,2021,114.0,5383,45,492,5383,77.0,231.0,28,14.0
1134.0,1.0,2022,128.0,4746,26,499,4732,77.0,231.0,29,6.0
1255.0,1.0,2023,137.0,4044,28,364,4044,77.0,231.0,30,13.0
26.0,2.0,2021,3.0,3588,28,324,3578,77.0,225.0,24,0.0
59.0,2.0,2022,9.0,3855,22,398,3854,77.0,225.0,25,0.0
45.0,2.0,2023,3.0,3245,17,350,3245,77.0,225.0,26,0.0
108.0,2.0,2012,40.0,3746,25,328,3746,68.0,198.0,25,1.0
37.0,3.0,2016,9.0,3313,20,312,3313,73.0,200.0,22,0.0
93.0,3.0,2017,7.0,4023,29,320,4019,73.0,200.0,23,0.0
14.0,2.0,2019,5.0,4669,26,397,4669,73.0,200.0,25,0.0
132.0,2.0,2020,21.0,3793,20,372,3793,73.0,200.0,26,2.0
52.0,2.0,2021,11.0,4806,38,384,4806,73.0,200.0,27,0.0
40.0,2.0,2022,11.0,4520,37,418,4520,73.0,200.0,28,0.0
838.0,1.0,2012,119.0,4012,30,354,4010,72.0,200.0,26,8.0
930.0,1.0,2013,142.0,3966,26,357,3966,72.0,200.0,27,5.0
862.0,1.0,2014,115.0,4066,27,394,4064,72.0,200.0,28,10.0
473.0,1.0,2015,72.0,3246,14,294,3246,72.0,200.0,29,2.0
1017.0,1.0,2016,116.0,4343,20,439,4343,72.0,200.0,30,4.0
748.0,1.0,2017,92.0,3235,22,363,3235,72.0,200.0,31,4.0
0.0,1.0,2018,3.0,4524,30,422,4527,72.0,200.0,32,0.0
996.0,1.0,2012,129.0,4144,30,311,4144,74.0,212.0,25,10.0
216.0,1.0,2013,40.0,3181,23,291,3181,74.0,212.0,26,2.0
142.0,2.0,2014,19.0,3856,25,363,3863,74.0,212.0,27,1.0
95.0,2.0,2017,23.0,4551,29,366,4551,76.0,218.0,23,1.0
666.0,2.0,2018,68.0,4316,34,348,4316,76.0,218.0,24,10.0
1001.0,1.0,2019,90.0,4648,26,394,4648,76.0,218.0,25,2.0
756.0,1.0,2020,85.0,4548,31,413,4548,76.0,218.0,26,5.0
1148.0,1.0,2021,130.0,5014,41,443,5014,76.0,218.0,27,9.0
895.0,1.0,2022,93.0,4791,27,485,4777,76.0,218.0,28,4.0
249.0,1.0,2023,26.0,4312,27,409,4295,76.0,218.0,29,1.0
943.0,1.0,2012,119.0,4992,32,434,4992,74.0,215.0,28,6.0
244.0,1.0,2013,49.0,4226,33,375,4226,74.0,215.0,29,0.0
568.0,1.0,2014,72.0,3678,12,274,3678,74.0,215.0,30,2.0
224.0,2.0,2015,31.0,4341,25,405,4337,74.0,215.0,31,1.0
198.0,1.0,2019,22.0,3350,37,289,3350,76.0,220.0,23,3.0
266.0,2.0,2020,33.0,2919,29,257,2919,76.0,220.0,24,4.0
6.0,3.0,2021,1.0,4267,24,396,4267,76.0,220.0,25,0.0
11.0,2.0,2022,3.0,3661,13,364,3671,76.0,220.0,26,0.0
17.0,2.0,2023,5.0,3421,13,323,3414,76.0,220.0,27,0.0
254.0,2.0,2012,33.0,3668,18,328,3659,74.0,207.0,26,0.0
154.0,3.0,2012,25.0,3807,32,335,3807,74.0,210.0,23,4.0
455.0,1.0,2013,78.0,4318,35,364,4318,74.0,210.0,24,2.0
792.0,1.0,2014,99.0,3551,22,323,3551,74.0,210.0,25,5.0
394.0,1.0,2015,49.0,4104,33,334,4104,74.0,210.0,26,1.0
655.0,1.0,2016,82.0,4960,40,374,4960,74.0,210.0,27,4.0
703.0,1.0,2017,96.0,4146,23,343,4146,74.0,210.0,28,5.0
840.0,1.0,2018,96.0,4949,39,428,4949,74.0,210.0,29,4.0
520.0,1.0,2019,89.0,4153,29,378,4153,74.0,210.0,30,2.0
189.0,2.0,2020,25.0,4397,30,374,4397,74.0,210.0,31,1.0
177.0,2.0,2021,24.0,4437,26,343,4429,74.0,210.0,32,0.0
2.0,1.0,2022,9.0,4007,20,345,4007,70.0,170.0,24,0.0
105.0,2.0,2019,24.0,4153,29,378,4153,76.0,225.0,22,2.0
309.0,1.0,2020,57.0,3124,14,283,3124,76.0,225.0,23,2.0
184.0,3.0,2021,22.0,4098,28,364,4098,76.0,225.0,24,0.0
116.0,2.0,2022,9.0,2598,21,223,2589,76.0,225.0,25,1.0
242.0,1.0,2012,44.0,5139,28,445,5139,72.0,198.0,31,2.0
461.0,2.0,2013,54.0,4650,33,371,4650,72.0,198.0,32,1.0
746.0,1.0,2012,90.0,3577,22,318,3585,73.0,185.0,29,5.0
919.0,1.0,2013,104.0,3710,24,328,3710,73.0,185.0,30,4.0
647.0,1.0,2014,72.0,3738,22,299,3695,73.0,185.0,31,2.0
658.0,1.0,2015,94.0,4079,31,358,4079,73.0,185.0,32,4.0
279.0,2.0,2015,44.0,4341,25,405,4337,72.0,200.0,22,1.0
367.0,1.0,2016,70.0,3798,16,380,3798,72.0,200.0,23,2.0
768.0,1.0,2017,95.0,3967,40,341,3967,72.0,200.0,24,8.0
743.0,2.0,2018,97.0,4524,30,422,4527,72.0,200.0,25,4.0
363.0,1.0,2019,69.0,4063,27,391,4063,72.0,200.0,26,3.0
896.0,2.0,2020,82.0,4383,31,369,4383,72.0,200.0,27,8.0
473.0,1.0,2021,64.0,4098,28,364,4098,72.0,200.0,28,3.0
362.0,1.0,2022,53.0,3815,20,358,3815,72.0,200.0,29,2.0
381.0,2.0,2023,45.0,3881,28,328,3881,72.0,200.0,30,4.0
68.0,2.0,2013,12.0,5162,41,446,5162,76.0,218.0,25,0.0
215.0,2.0,2014,23.0,4952,37,456,4952,76.0,218.0,26,1.0
35.0,2.0,2020,9.0,3826,34,316,3826,74.0,211.0,23,0.0
476.0,2.0,2021,57.0,3745,23,359,3745,74.0,211.0,24,4.0
397.0,1.0,2022,50.0,3227,19,285,3227,74.0,211.0,25,4.0
372.0,2.0,2023,46.0,3512,16,304,3512,74.0,211.0,26,3.0
17.0,3.0,2013,12.0,4057,22,355,4057,70.0,184.0,23,0.0
159.0,2.0,2015,25.0,4602,22,410,4602,70.0,184.0,25,2.0
59.0,3.0,2016,7.0,4960,40,374,4960,70.0,184.0,26,0.0
30.0,3.0,2017,4.0,4146,23,343,4146,70.0,184.0,27,0.0
17.0,3.0,2018,5.0,3255,17,293,3255,70.0,184.0,28,0.0
448.0,2.0,2021,60.0,3630,21,354,3630,76.0,222.0,22,1.0
481.0,1.0,2022,66.0,3642,26,352,3642,76.0,222.0,23,2.0
1297.0,1.0,2023,109.0,4578,28,372,4578,76.0,222.0,24,8.0
33.0,2.0,2017,9.0,3326,27,309,3308,74.0,225.0,20,0.0
54.0,2.0,2018,8.0,3885,23,356,3885,74.0,225.0,21,0.0
154.0,2.0,2020,25.0,4511,28,413,4511,74.0,225.0,23,0.0
184.0,2.0,2021,25.0,4963,42,444,4949,74.0,225.0,24,0.0
555.0,1.0,2022,75.0,3911,31,355,3911,74.0,225.0,25,5.0
567.0,2.0,2023,56.0,4578,28,372,4578,74.0,225.0,26,2.0
1305.0,1.0,2014,130.0,4470,33,383,4470,71.0,200.0,22,12.0
1454.0,2.0,2015,158.0,4500,39,392,4508,71.0,200.0,23,13.0
1367.0,2.0,2016,169.0,4027,27,377,4027,71.0,200.0,24,10.0
302.0,2.0,2017,42.0,3680,21,373,3680,71.0,200.0,25,3.0
1052.0,1.0,2018,125.0,4405,24,382,4405,71.0,200.0,26,6.0
1091.0,1.0,2019,134.0,3847,23,318,3847,71.0,200.0,27,5.0
319.0,1.0,2020,43.0,3701,28,315,3701,71.0,200.0,28,3.0
537.0,1.0,2021,83.0,3619,22,320,3606,71.0,200.0,29,5.0
565.0,1.0,2023,64.0,3881,28,328,3881,71.0,200.0,31,3.0
294.0,2.0,2019,45.0,3729,26,319,3725,72.0,203.0,22,3.0
191.0,2.0,2020,20.0,4265,37,349,4265,72.0,203.0,23,0.0
115.0,3.0,2019,5.0,5049,32,459,5049,68.0,193.0,22,1.0
274.0,2.0,2020,32.0,4620,27,408,4620,68.0,193.0,23,1.0
406.0,2.0,2021,54.0,3987,23,377,3988,68.0,193.0,24,3.0
533.0,1.0,2022,61.0,2927,17,257,2927,68.0,193.0,25,3.0
164.0,2.0,2023,20.0,4067,26,369,4067,68.0,193.0,26,2.0
132.0,2.0,2023,21.0,4377,23,412,4377,70.0,204.0,21,2.0
127.0,2.0,2019,24.0,3314,24,307,3314,72.0,208.0,22,1.0
71.0,1.0,2020,9.0,4186,25,371,4186,72.0,208.0,23,0.0
162.0,1.0,2021,20.0,3588,28,324,3578,72.0,208.0,24,1.0
623.0,1.0,2022,92.0,3855,22,398,3854,72.0,208.0,25,5.0
104.0,1.0,2023,27.0,3351,17,338,3351,72.0,208.0,26,1.0
271.0,2.0,2014,44.0,3492,20,287,3492,72.0,183.0,22,1.0
40.0,2.0,2015,1.0,4061,35,333,4063,72.0,183.0,23,0.0
288.0,2.0,2016,36.0,4422,23,368,4422,72.0,183.0,24,1.0
703.0,2.0,2017,81.0,3979,35,340,3979,72.0,183.0,25,6.0
262.0,1.0,2018,35.0,3287,19,311,3283,72.0,183.0,26,2.0
245.0,1.0,2019,42.0,3205,21,298,3205,72.0,183.0,27,2.0
126.0,2.0,2016,14.0,3798,16,380,3798,70.0,193.0,23,0.0
3.0,3.0,2020,1.0,4245,41,388,4245,68.0,180.0,24,0.0
59.0,3.0,2021,12.0,3815,31,324,3815,68.0,180.0,25,0.0
20.0,3.0,2022,5.0,4282,31,399,4282,68.0,180.0,26,0.0
677.0,1.0,2012,85.0,2935,19,300,2935,71.0,184.0,24,3.0
17.0,2.0,2013,1.0,3508,27,267,3508,71.0,184.0,25,0.0
483.0,2.0,2014,78.0,3206,19,287,3206,71.0,184.0,26,2.0
218.0,1.0,2015,31.0,3600,25,295,3600,71.0,184.0,27,1.0
6.0,3.0,2016,4.0,3250,17,286,3228,71.0,184.0,28,0.0
106.0,3.0,2016,20.0,3313,20,312,3313,71.0,208.0,21,2.0
75.0,1.0,2017,19.0,4023,29,320,4019,71.0,208.0,22,1.0
0.0,2.0,2018,1.0,4730,33,368,4730,71.0,208.0,23,0.0
243.0,2.0,2019,33.0,3797,23,355,3797,71.0,208.0,24,1.0
73.0,2.0,2020,8.0,4129,16,373,4123,71.0,208.0,25,0.0
6.0,1.0,2022,2.0,3966,19,433,3966,71.0,208.0,27,0.0
225.0,2.0,2015,39.0,3928,27,355,3928,70.0,185.0,22,1.0
528.0,2.0,2016,59.0,4491,35,370,4494,70.0,185.0,23,3.0
194.0,2.0,2017,18.0,4619,34,389,4619,70.0,185.0,24,0.0
290.0,2.0,2018,42.0,4405,29,378,4405,70.0,185.0,25,3.0
397.0,1.0,2019,55.0,4153,29,378,4153,70.0,185.0,26,5.0
110.0,3.0,2021,14.0,3630,21,354,3630,70.0,185.0,28,0.0
257.0,2.0,2022,40.0,3642,26,352,3642,70.0,185.0,29,1.0
633.0,1.0,2012,67.0,3666,24,291,3666,72.0,211.0,26,4.0
1346.0,1.0,2013,182.0,4057,22,355,4057,72.0,211.0,27,6.0
752.0,1.0,2014,105.0,4461,22,364,4461,72.0,211.0,28,5.0
777.0,1.0,2015,112.0,4294,32,386,4294,72.0,211.0,29,6.0
1041.0,1.0,2016,114.0,4948,28,407,4946,72.0,211.0,30,3.0
500.0,1.0,2017,67.0,4235,16,362,4235,72.0,211.0,31,1.0
286.0,1.0,2018,47.0,4247,30,331,4247,72.0,211.0,32,1.0
42.0,3.0,2012,7.0,4012,30,354,4010,77.0,232.0,35,1.0
0.0,2.0,2012,2.0,4144,30,311,4144,72.0,200.0,25,0.0
418.0,2.0,2014,56.0,4470,33,383,4470,72.0,200.0,27,2.0
40.0,2.0,2015,12.0,4500,39,392,4508,72.0,200.0,28,0.0
428.0,2.0,2019,60.0,4117,24,371,4117,77.0,218.0,22,3.0
292.0,2.0,2020,37.0,3937,25,370,3937,77.0,218.0,23,4.0
71.0,2.0,2021,16.0,3936,22,404,3936,77.0,218.0,24,0.0
1486.0,1.0,2023,160.0,4300,27,361,4298,74.0,212.0,22,6.0
36.0,1.0,2016,4.0,4491,35,370,4494,70.0,185.0,23,0.0
39.0,2.0,2017,4.0,3226,19,285,3226,70.0,185.0,24,0.0
431.0,1.0,2023,67.0,4312,27,409,4295,76.0,215.0,22,2.0
106.0,3.0,2020,13.0,3728,23,334,3728,72.0,193.0,22,1.0
649.0,2.0,2021,63.0,3585,21,307,3585,72.0,193.0,23,1.0
340.0,1.0,2022,51.0,4364,28,350,4378,72.0,193.0,24,4.0
142.0,2.0,2023,21.0,4067,26,369,4067,72.0,193.0,25,1.0
315.0,2.0,2015,46.0,4170,34,362,4170,74.0,225.0,23,0.0
857.0,1.0,2016,105.0,3645,19,311,3641,74.0,225.0,24,4.0
449.0,1.0,2018,69.0,3404,21,299,3404,74.0,225.0,26,1.0
8.0,1.0,2019,3.0,3443,21,323,3455,74.0,225.0,27,0.0
349.0,2.0,2020,36.0,4397,30,374,4397,73.0,208.0,22,2.0
206.0,2.0,2021,23.0,3884,25,396,3874,73.0,208.0,23,2.0
15.0,2.0,2022,3.0,4444,32,383,4430,73.0,208.0,24,0.0
34.0,2.0,2013,5.0,3210,21,244,3210,72.0,204.0,23,0.0
44.0,3.0,2014,8.0,3407,22,292,3407,72.0,204.0,24,0.0
394.0,2.0,2015,57.0,3646,18,322,3646,72.0,204.0,25,1.0
408.0,2.0,2016,63.0,3166,21,287,3166,72.0,204.0,26,0.0
8.0,3.0,2021,6.0,3745,23,359,3745,75.0,217.0,22,0.0
40.0,3.0,2022,8.0,3227,19,285,3227,75.0,217.0,23,0.0
60.0,3.0,2023,9.0,4044,28,364,4044,72.0,192.0,22,0.0
220.0,2.0,2012,21.0,3967,28,323,3967,78.0,224.0,26,0.0
954.0,2.0,2012,104.0,4342,40,374,4342,70.0,192.0,22,8.0
433.0,1.0,2013,47.0,4538,29,366,4538,70.0,192.0,23,4.0
1287.0,1.0,2014,127.0,4447,38,349,4447,70.0,192.0,24,12.0
829.0,2.0,2015,129.0,3825,34,348,3853,70.0,192.0,25,6.0
610.0,1.0,2016,84.0,4445,41,403,4445,70.0,192.0,26,4.0
655.0,2.0,2017,93.0,3532,27,352,3532,70.0,192.0,27,4.0
383.0,2.0,2018,61.0,4629,26,392,4629,70.0,192.0,28,2.0
828.0,2.0,2019,83.0,4902,30,388,4902,70.0,192.0,29,3.0
441.0,2.0,2020,50.0,4843,34,383,4821,70.0,192.0,30,3.0
375.0,2.0,2021,39.0,4526,39,402,4526,70.0,192.0,31,5.0
417.0,1.0,2022,50.0,3890,28,364,3896,70.0,192.0,32,1.0
41.0,2.0,2023,18.0,3373,13,356,3373,70.0,192.0,33,1.0
434.0,1.0,2012,50.0,3551,23,289,3551,76.0,210.0,35,3.0
93.0,2.0,2015,36.0,4428,39,355,4428,71.0,190.0,23,2.0
32.0,2.0,2016,8.0,3925,27,369,3925,71.0,190.0,24,0.0
60.0,3.0,2018,8.0,3431,16,329,3423,71.0,190.0,26,0.0
184.0,2.0,2015,13.0,4294,32,386,4294,72.0,180.0,25,1.0
8.0,2.0,2016,1.0,4948,28,407,4946,72.0,180.0,26,0.0
16.0,3.0,2019,1.0,3956,29,297,3956,69.0,175.0,24,0.0
77.0,3.0,2016,12.0,3693,17,338,3693,73.0,198.0,22,0.0
312.0,2.0,2017,50.0,3537,19,312,3537,73.0,198.0,23,2.0
572.0,2.0,2018,53.0,4261,31,353,4261,73.0,198.0,24,4.0
55.0,2.0,2019,11.0,3847,23,318,3847,73.0,198.0,25,1.0
599.0,2.0,2020,52.0,3701,28,315,3701,73.0,198.0,26,4.0
275.0,2.0,2021,47.0,3619,22,320,3606,73.0,198.0,27,1.0
938.0,2.0,2023,102.0,4383,30,421,4376,73.0,204.0,23,7.0
488.0,2.0,2022,34.0,3969,27,338,3969,72.0,180.0,24,2.0
719.0,1.0,2023,75.0,4225,30,406,4225,72.0,180.0,25,7.0
515.0,2.0,2021,68.0,4267,24,396,4267,73.0,195.0,22,1.0
285.0,1.0,2022,28.0,3202,20,300,3202,73.0,195.0,23,2.0
367.0,2.0,2023,56.0,3881,28,328,3881,73.0,195.0,24,1.0
36.0,3.0,2018,6.0,3052,19,270,3052,69.0,190.0,22,0.0
91.0,2.0,2020,22.0,4129,36,428,4115,69.0,190.0,24,0.0
289.0,1.0,2021,66.0,4017,24,425,4005,69.0,190.0,25,0.0
243.0,1.0,2022,25.0,4049,30,338,4049,69.0,190.0,26,1.0
135.0,1.0,2023,15.0,4577,34,336,4577,69.0,190.0,27,0.0
1355.0,1.0,2012,196.0,4374,26,339,4374,72.0,203.0,34,8.0
505.0,1.0,2013,59.0,3952,25,350,3952,72.0,203.0,35,2.0
779.0,1.0,2014,116.0,5062,46,410,5062,72.0,203.0,36,3.0
205.0,2.0,2016,36.0,3693,17,338,3693,74.0,215.0,22,0.0
357.0,2.0,2017,61.0,3537,19,312,3537,74.0,215.0,23,0.0
130.0,2.0,2018,14.0,4247,30,331,4247,69.0,185.0,23,2.0
165.0,2.0,2019,10.0,4029,30,331,4029,69.0,185.0,24,1.0
391.0,2.0,2020,35.0,4320,28,371,4317,69.0,185.0,25,1.0
569.0,2.0,2022,70.0,3431,17,346,3431,69.0,185.0,27,4.0
114.0,2.0,2023,14.0,4383,30,421,4376,69.0,185.0,28,0.0
0.0,2.0,2020,2.0,4383,31,369,4383,70.0,185.0,24,0.0
248.0,3.0,2012,48.0,4075,23,367,4060,76.0,230.0,25,3.0
839.0,1.0,2013,87.0,4406,33,310,4408,76.0,230.0,26,8.0
577.0,2.0,2014,95.0,4581,29,384,4581,76.0,230.0,27,4.0
327.0,1.0,2015,41.0,4341,25,405,4337,76.0,230.0,28,2.0
0.0,3.0,2018,1.0,4405,29,378,4405,69.0,198.0,25,0.0
69.0,2.0,2019,7.0,3573,20,371,3573,73.0,199.0,23,0.0
39.0,2.0,2020,4.0,3925,28,402,3925,73.0,199.0,24,0.0
151.0,3.0,2012,20.0,3425,15,293,3425,72.0,217.0,23,0.0
448.0,2.0,2013,67.0,3966,26,357,3966,72.0,217.0,24,2.0
135.0,2.0,2014,22.0,4066,27,394,4064,72.0,217.0,25,2.0
662.0,2.0,2015,61.0,4231,26,365,4231,72.0,217.0,26,4.0
945.0,1.0,2016,109.0,3720,33,307,3720,72.0,217.0,27,10.0
795.0,1.0,2017,87.0,3394,17,306,3394,72.0,217.0,28,4.0
24.0,2.0,2018,9.0,3404,21,299,3404,72.0,217.0,29,0.0
44.0,2.0,2018,2.0,3930,19,367,3928,72.0,198.0,24,0.0
41.0,2.0,2020,9.0,4320,28,371,4317,72.0,198.0,26,0.0
102.0,3.0,2022,14.0,4765,32,368,4765,72.0,198.0,28,2.0
121.0,2.0,2023,12.0,4698,34,393,4698,72.0,198.0,29,1.0
126.0,2.0,2023,6.0,4698,34,393,4698,75.0,185.0,30,1.0
17.0,2.0,2019,5.0,4063,27,391,4063,75.0,210.0,24,0.0
541.0,2.0,2018,44.0,3052,19,270,3052,74.0,196.0,24,3.0
64.0,2.0,2019,18.0,3476,22,299,3476,74.0,196.0,25,0.0
37.0,3.0,2020,6.0,3796,17,389,3796,74.0,196.0,26,0.0
58.0,2.0,2014,12.0,3623,23,301,3623,69.0,195.0,22,1.0
324.0,3.0,2013,30.0,5162,41,446,5162,74.0,215.0,29,2.0
114.0,2.0,2014,20.0,4952,37,456,4952,74.0,215.0,30,0.0
589.0,2.0,2013,86.0,3373,19,299,3373,72.0,193.0,21,4.0
701.0,1.0,2014,105.0,3856,25,363,3863,72.0,193.0,22,5.0
552.0,1.0,2015,80.0,3600,25,295,3600,72.0,193.0,23,4.0
635.0,1.0,2016,76.0,3250,17,286,3228,72.0,193.0,24,1.0
781.0,1.0,2017,85.0,4023,29,320,4019,72.0,193.0,25,5.0
1219.0,1.0,2018,130.0,4730,33,368,4730,72.0,193.0,26,6.0
1134.0,1.0,2019,139.0,4669,26,397,4669,72.0,193.0,27,3.0
936.0,1.0,2020,129.0,4183,22,392,4179,72.0,193.0,28,6.0
558.0,1.0,2021,70.0,4893,45,406,4893,72.0,193.0,29,5.0
527.0,1.0,2022,91.0,3227,19,285,3227,72.0,193.0,30,2.0
426.0,1.0,2023,75.0,4578,28,372,4578,72.0,193.0,31,1.0
191.0,2.0,2016,27.0,3166,21,287,3166,74.0,195.0,28,2.0
0.0,3.0,2018,0.0,4261,31,353,4261,74.0,195.0,30,0.0
1351.0,1.0,2012,144.0,4719,33,422,4719,72.0,211.0,31,7.0
711.0,1.0,2013,97.0,4549,30,444,4548,72.0,211.0,32,3.0
921.0,1.0,2014,125.0,4758,33,418,4758,72.0,211.0,33,8.0
506.0,1.0,2015,70.0,4602,22,410,4602,72.0,211.0,34,1.0
97.0,2.0,2016,19.0,4027,27,377,4027,72.0,203.0,23,2.0
416.0,1.0,2017,72.0,3680,21,373,3680,72.0,203.0,24,2.0
425.0,2.0,2022,67.0,3890,28,364,3896,74.0,204.0,22,3.0
674.0,1.0,2023,96.0,4210,32,374,4210,74.0,204.0,23,8.0
435.0,1.0,2021,64.0,4619,28,415,4603,67.0,181.0,21,2.0
414.0,2.0,2022,56.0,3966,19,433,3966,67.0,181.0,22,1.0
352.0,1.0,2023,63.0,3430,21,355,3430,67.0,181.0,23,1.0
68.0,2.0,2023,13.0,4577,34,336,4577,72.0,190.0,23,3.0
298.0,2.0,2012,32.0,3967,28,323,3967,74.0,208.0,21,3.0
611.0,1.0,2013,79.0,3875,22,325,3875,74.0,208.0,22,7.0
938.0,2.0,2014,127.0,4470,33,383,4470,74.0,208.0,23,3.0
801.0,2.0,2015,90.0,4500,39,392,4508,74.0,208.0,24,9.0
63.0,3.0,2018,10.0,4949,39,428,4949,72.0,184.0,22,0.0
446.0,2.0,2019,74.0,5049,32,459,5049,72.0,184.0,23,1.0
786.0,1.0,2020,109.0,4620,27,408,4620,72.0,184.0,24,4.0
771.0,1.0,2021,94.0,3987,23,377,3988,72.0,184.0,25,6.0
432.0,1.0,2022,72.0,4746,26,499,4732,72.0,184.0,26,5.0
63.0,3.0,2014,8.0,3623,23,301,3623,72.0,194.0,24,0.0
28.0,2.0,2015,10.0,4042,25,312,4047,72.0,194.0,25,1.0
341.0,2.0,2016,40.0,4165,31,355,4165,72.0,194.0,26,2.0
202.0,2.0,2017,32.0,3319,23,293,3319,72.0,194.0,27,1.0
188.0,2.0,2018,19.0,4405,24,382,4405,72.0,194.0,28,2.0
25.0,3.0,2019,8.0,4070,34,376,4064,72.0,194.0,29,0.0
310.0,2.0,2012,32.0,5139,28,445,5139,70.0,195.0,24,2.0
85.0,2.0,2013,14.0,4650,33,371,4650,70.0,195.0,25,0.0
25.0,3.0,2014,5.0,4284,22,365,4284,70.0,195.0,26,0.0
68.0,3.0,2014,15.0,4461,22,364,4461,72.0,195.0,24,0.0
268.0,2.0,2015,42.0,4294,32,386,4294,72.0,195.0,25,3.0
76.0,2.0,2016,19.0,4948,28,407,4946,72.0,195.0,26,0.0
573.0,2.0,2017,65.0,4093,31,347,4093,72.0,195.0,27,4.0
334.0,2.0,2018,52.0,4595,42,432,4595,72.0,195.0,28,1.0
41.0,1.0,2017,7.0,3326,27,309,3308,68.0,185.0,23,0.0
253.0,2.0,2018,44.0,5174,36,459,5131,68.0,185.0,24,1.0
27.0,2.0,2019,11.0,3214,18,315,3210,68.0,185.0,25,0.0
11.0,3.0,2015,2.0,4822,26,391,4832,73.0,212.0,22,0.0
435.0,2.0,2016,49.0,4377,33,381,4377,73.0,212.0,23,2.0
70.0,2.0,2017,11.0,3537,19,312,3537,73.0,212.0,24,0.0
12.0,2.0,2018,2.0,4165,26,345,4165,73.0,212.0,25,0.0
982.0,2.0,2014,128.0,3856,25,363,3863,73.0,211.0,21,7.0
1047.0,1.0,2015,96.0,3600,25,295,3600,73.0,211.0,22,9.0
430.0,1.0,2016,52.0,3250,17,286,3228,73.0,211.0,23,2.0
593.0,1.0,2017,70.0,4023,29,320,4019,73.0,211.0,24,8.0
519.0,1.0,2018,55.0,5126,52,385,5126,73.0,211.0,25,3.0
675.0,1.0,2019,91.0,4690,30,378,4667,73.0,211.0,26,3.0
421.0,1.0,2020,55.0,5005,40,420,5005,73.0,211.0,27,2.0
394.0,1.0,2021,49.0,4267,24,396,4267,73.0,211.0,28,3.0
325.0,1.0,2022,27.0,3890,28,364,3896,73.0,211.0,29,0.0
82.0,2.0,2022,10.0,3890,28,364,3896,73.0,191.0,24,1.0
80.0,2.0,2023,19.0,4210,32,374,4210,73.0,191.0,25,0.0
573.0,2.0,2012,62.0,3666,24,291,3666,70.0,193.0,33,8.0
452.0,2.0,2013,78.0,4057,22,355,4057,70.0,193.0,34,2.0
116.0,3.0,2014,15.0,4461,22,364,4461,70.0,193.0,35,0.0
272.0,1.0,2012,41.0,3178,16,272,3178,71.0,192.0,28,2.0
456.0,1.0,2013,59.0,3270,19,266,3270,71.0,192.0,29,3.0
67.0,2.0,2014,14.0,4035,32,396,4035,71.0,192.0,30,0.0
200.0,2.0,2019,26.0,5127,40,382,5127,69.0,174.0,22,1.0
501.0,2.0,2020,53.0,4776,44,410,4776,69.0,174.0,23,3.0
38.0,2.0,2021,9.0,5383,45,492,5383,69.0,174.0,24,0.0
185.0,2.0,2022,40.0,4746,26,499,4732,69.0,174.0,25,0.0
161.0,2.0,2023,16.0,3775,18,327,3775,69.0,174.0,26,2.0
0.0,3.0,2015,1.0,5205,34,460,5205,75.0,210.0,23,0.0
271.0,2.0,2019,35.0,3350,37,289,3350,74.0,195.0,28,2.0
31.0,2.0,2020,6.0,4129,16,373,4123,74.0,195.0,29,0.0
34.0,2.0,2021,1.0,3856,21,354,3856,75.0,211.0,21,0.0
19.0,3.0,2016,3.0,3925,27,369,3925,66.0,168.0,24,0.0
11.0,3.0,2017,3.0,3967,40,341,3967,71.0,191.0,22,0.0
48.0,2.0,2018,3.0,4524,30,422,4527,71.0,191.0,23,0.0
104.0,3.0,2021,11.0,3573,16,348,3573,70.0,190.0,23,0.0
296.0,1.0,2022,42.0,3246,18,267,3226,70.0,190.0,24,2.0
748.0,1.0,2012,82.0,3234,29,259,3228,76.0,202.0,26,7.0
231.0,1.0,2013,35.0,3508,27,267,3508,76.0,202.0,27,3.0
24.0,2.0,2022,4.0,3911,31,355,3911,76.0,218.0,25,0.0
9.0,2.0,2023,2.0,4312,27,409,4295,76.0,218.0,26,1.0
250.0,2.0,2022,33.0,5250,41,435,5250,70.0,195.0,22,0.0
244.0,1.0,2023,38.0,4383,30,421,4376,70.0,195.0,23,1.0
0.0,3.0,2017,1.0,3929,25,357,3929,72.0,195.0,23,0.0
0.0,3.0,2018,1.0,4298,35,425,4298,72.0,195.0,24,0.0
18.0,2.0,2019,10.0,3994,23,356,3994,72.0,205.0,22,0.0
11.0,2.0,2021,4.0,4806,38,384,4806,72.0,205.0,24,0.0
0.0,2.0,2022,1.0,4520,37,418,4520,72.0,205.0,25,0.0
720.0,2.0,2015,84.0,3246,14,294,3246,72.0,191.0,22,4.0
903.0,1.0,2016,112.0,4119,20,414,4119,72.0,191.0,23,3.0
849.0,1.0,2017,95.0,3929,25,357,3929,72.0,191.0,24,8.0
1023.0,1.0,2018,150.0,4298,35,425,4298,72.0,191.0,25,11.0
1126.0,1.0,2019,95.0,3729,26,319,3725,72.0,191.0,26,6.0
1535.0,1.0,2020,166.0,4786,40,410,4786,72.0,191.0,27,8.0
1225.0,1.0,2021,164.0,4450,36,415,4450,72.0,191.0,28,10.0
1429.0,1.0,2022,154.0,4291,35,361,4291,72.0,191.0,29,11.0
1185.0,1.0,2023,161.0,4306,29,385,4306,72.0,191.0,30,8.0
252.0,1.0,2012,47.0,3178,16,272,3178,76.0,210.0,21,3.0
342.0,1.0,2013,59.0,3270,19,266,3270,76.0,210.0,22,1.0
0.0,2.0,2013,4.0,3751,20,349,3751,77.0,208.0,27,0.0
683.0,2.0,2016,105.0,4027,27,377,4027,70.0,194.0,23,8.0
731.0,2.0,2017,84.0,3680,21,373,3680,70.0,194.0,24,2.0
874.0,2.0,2018,108.0,4405,24,382,4405,70.0,194.0,25,4.0
578.0,1.0,2019,84.0,4070,34,376,4064,70.0,194.0,26,3.0
658.0,1.0,2020,92.0,3336,13,321,3336,70.0,194.0,27,3.0
366.0,1.0,2021,53.0,3463,18,351,3463,70.0,194.0,28,1.0
154.0,2.0,2022,24.0,3431,17,346,3431,70.0,194.0,29,1.0
57.0,2.0,2023,22.0,3351,17,338,3351,70.0,194.0,30,1.0
74.0,2.0,2012,15.0,2937,13,273,2937,72.0,189.0,29,0.0
1046.0,1.0,2012,148.0,3430,26,309,3430,74.0,207.0,26,6.0
599.0,1.0,2013,102.0,3373,19,299,3373,74.0,207.0,27,3.0
435.0,2.0,2014,50.0,3407,22,292,3407,74.0,207.0,28,3.0
1174.0,1.0,2012,138.0,3927,22,284,3920,69.0,185.0,33,5.0
745.0,1.0,2013,110.0,3379,24,292,3379,69.0,185.0,34,4.0
1065.0,1.0,2014,134.0,3986,27,344,3986,69.0,185.0,35,6.0
670.0,2.0,2015,73.0,4449,25,426,4439,69.0,185.0,36,4.0
803.0,1.0,2016,104.0,4343,20,439,4343,69.0,185.0,37,5.0
37.0,2.0,2019,6.0,4083,28,355,4083,70.0,186.0,25,0.0
60.0,2.0,2020,8.0,4843,34,383,4821,70.0,186.0,26,0.0
310.0,2.0,2019,56.0,3205,21,298,3205,70.0,176.0,22,4.0
265.0,1.0,2020,37.0,3796,17,389,3796,70.0,176.0,23,1.0
104.0,2.0,2022,23.0,3661,13,364,3671,70.0,176.0,25,0.0
132.0,2.0,2015,18.0,4463,34,420,4463,72.0,190.0,23,1.0
93.0,3.0,2016,15.0,4327,25,388,4327,72.0,190.0,24,0.0
401.0,2.0,2017,50.0,4470,34,374,4470,72.0,190.0,25,1.0
190.0,1.0,2018,27.0,3844,24,375,3844,72.0,190.0,26,2.0
38.0,3.0,2019,4.0,4070,34,376,4064,72.0,190.0,27,1.0
861.0,2.0,2012,90.0,4374,26,339,4374,70.0,183.0,23,7.0
1083.0,1.0,2013,138.0,3952,25,350,3952,70.0,183.0,24,5.0
1345.0,1.0,2014,131.0,5062,46,410,5062,70.0,183.0,25,7.0
1124.0,1.0,2015,134.0,3928,27,355,3928,70.0,183.0,26,5.0
1450.0,1.0,2016,157.0,4491,35,370,4494,70.0,183.0,27,6.0
966.0,1.0,2017,109.0,3226,19,285,3226,70.0,183.0,28,6.0
1270.0,2.0,2018,120.0,4595,42,432,4595,70.0,183.0,29,6.0
501.0,1.0,2019,68.0,3314,24,307,3314,70.0,183.0,30,5.0
764.0,1.0,2020,94.0,4186,25,371,4186,70.0,183.0,31,6.0
331.0,1.0,2021,37.0,3588,28,324,3578,70.0,183.0,32,3.0
121.0,2.0,2022,10.0,3911,31,355,3911,70.0,183.0,33,0.0
522.0,1.0,2016,83.0,3720,33,307,3720,74.0,194.0,22,2.0
316.0,1.0,2018,47.0,3255,17,293,3255,74.0,194.0,24,2.0
329.0,1.0,2019,35.0,3956,29,297,3956,74.0,194.0,25,4.0
0.0,2.0,2020,3.0,4265,37,349,4265,74.0,194.0,26,0.0
229.0,1.0,2021,37.0,3987,23,377,3988,74.0,194.0,27,0.0
123.0,2.0,2012,17.0,3996,25,334,3996,74.0,205.0,23,1.0
305.0,2.0,2013,36.0,3914,23,363,3908,74.0,205.0,24,0.0
709.0,2.0,2023,76.0,4578,28,372,4578,70.0,165.0,24,7.0
35.0,2.0,2017,6.0,3085,14,291,3086,74.0,209.0,23,0.0
0.0,2.0,2022,1.0,4291,35,361,4291,74.0,209.0,28,0.0
140.0,3.0,2016,11.0,4422,23,368,4422,78.0,230.0,23,2.0
113.0,2.0,2017,9.0,3979,35,340,3979,78.0,230.0,24,0.0
10.0,2.0,2021,2.0,3959,20,357,3919,75.0,217.0,23,0.0
50.0,2.0,2016,4.0,4027,27,377,4027,73.0,192.0,26,0.0
240.0,1.0,2017,37.0,3680,21,373,3680,73.0,192.0,27,3.0
509.0,1.0,2016,106.0,3313,20,312,3313,68.0,185.0,25,5.0
43.0,1.0,2017,22.0,4023,29,320,4019,68.0,185.0,26,0.0
140.0,2.0,2018,13.0,3885,23,356,3885,68.0,185.0,27,2.0
177.0,2.0,2019,24.0,4902,30,388,4902,68.0,185.0,28,1.0
20.0,2.0,2020,5.0,4299,49,372,4299,68.0,185.0,29,0.0
213.0,1.0,2021,37.0,3674,14,361,3674,68.0,185.0,30,1.0
621.0,3.0,2014,72.0,3678,12,274,3678,68.0,165.0,23,1.0
243.0,2.0,2015,49.0,4156,22,371,4156,68.0,165.0,24,1.0
579.0,3.0,2016,50.0,4960,40,374,4960,68.0,165.0,25,7.0
378.0,2.0,2017,51.0,4146,23,343,4146,68.0,165.0,26,1.0
688.0,1.0,2018,93.0,3747,29,344,3747,68.0,165.0,27,2.0
353.0,1.0,2019,48.0,3573,20,371,3573,68.0,165.0,28,4.0
231.0,2.0,2017,28.0,3394,17,306,3394,71.0,203.0,22,1.0
466.0,2.0,2018,57.0,3255,17,293,3255,71.0,203.0,23,1.0
0.0,3.0,2019,1.0,3847,23,318,3847,71.0,203.0,24,0.0
0.0,3.0,2020,1.0,3701,28,315,3701,71.0,203.0,25,0.0
1.0,2.0,2012,2.0,3551,23,289,3551,71.0,180.0,27,0.0
556.0,1.0,2013,68.0,3379,24,292,3379,71.0,180.0,28,5.0
190.0,1.0,2014,26.0,3990,22,320,3990,71.0,180.0,29,0.0
739.0,1.0,2015,96.0,3873,35,300,3873,71.0,180.0,30,10.0
752.0,1.0,2016,95.0,3962,25,306,3957,71.0,180.0,31,5.0
787.0,1.0,2017,70.0,4334,24,386,4334,71.0,180.0,32,4.0
211.0,2.0,2018,31.0,4174,33,381,4174,71.0,180.0,33,2.0
421.0,2.0,2019,56.0,4431,36,418,4431,71.0,180.0,34,2.0
40.0,1.0,2020,6.0,3925,28,402,3925,71.0,180.0,35,0.0
908.0,1.0,2020,108.0,3793,20,372,3793,76.0,219.0,21,6.0
1093.0,1.0,2021,111.0,4806,38,384,4806,76.0,219.0,22,6.0
1031.0,1.0,2022,110.0,4520,37,418,4520,76.0,219.0,23,7.0
656.0,1.0,2023,76.0,4257,28,420,4257,76.0,219.0,24,5.0
140.0,2.0,2021,31.0,3573,16,348,3573,74.0,200.0,21,0.0
514.0,2.0,2022,47.0,3246,18,267,3226,74.0,200.0,22,1.0
139.0,2.0,2023,33.0,3245,17,350,3245,74.0,200.0,23,0.0
738.0,2.0,2013,75.0,4226,33,375,4226,74.0,210.0,24,5.0
621.0,1.0,2014,65.0,4008,38,328,4008,74.0,210.0,25,8.0
840.0,1.0,2015,93.0,3677,21,334,3677,74.0,210.0,26,5.0
594.0,1.0,2016,61.0,3799,25,325,3799,74.0,210.0,27,4.0
568.0,1.0,2017,80.0,3326,27,309,3308,74.0,210.0,28,1.0
18.0,1.0,2018,3.0,3885,23,356,3885,74.0,210.0,29,0.0
42.0,2.0,2015,8.0,4156,22,371,4156,76.0,228.0,26,0.0
1009.0,1.0,2016,142.0,3693,17,338,3693,76.0,228.0,27,4.0
240.0,1.0,2017,37.0,4093,31,347,4093,76.0,228.0,28,1.0
252.0,2.0,2018,31.0,3404,21,299,3404,76.0,228.0,29,2.0
32.0,2.0,2020,6.0,3955,25,387,3955,71.0,185.0,24,0.0
919.0,1.0,2019,94.0,3205,21,298,3205,72.0,210.0,24,7.0
1118.0,1.0,2020,135.0,3796,17,389,3796,72.0,210.0,25,4.0
1053.0,1.0,2021,130.0,3746,23,356,3746,72.0,210.0,26,5.0
1191.0,1.0,2022,120.0,3783,26,344,3783,72.0,210.0,27,5.0
1002.0,1.0,2023,132.0,4174,29,407,4174,72.0,210.0,28,4.0
61.0,3.0,2019,10.0,3214,18,315,3210,74.0,225.0,27,0.0
30.0,2.0,2022,4.0,4148,25,394,4151,73.0,200.0,24,0.0
83.0,1.0,2023,19.0,4377,23,412,4377,73.0,200.0,25,0.0
315.0,2.0,2018,41.0,3930,19,367,3928,76.0,212.0,25,1.0
218.0,1.0,2019,31.0,3401,17,312,3401,76.0,212.0,26,0.0
742.0,1.0,2020,80.0,3673,24,317,3673,76.0,212.0,27,6.0
734.0,1.0,2021,85.0,3856,21,354,3856,76.0,212.0,28,6.0
14.0,1.0,2018,1.0,3708,19,334,3718,71.0,185.0,24,0.0
383.0,2.0,2012,56.0,5139,28,445,5139,71.0,174.0,23,4.0
54.0,2.0,2021,10.0,3884,25,396,3874,70.0,195.0,25,0.0
141.0,2.0,2022,15.0,4444,32,383,4430,70.0,195.0,26,0.0
76.0,2.0,2016,11.0,5258,41,472,5258,67.0,168.0,24,0.0
116.0,3.0,2017,15.0,4334,24,386,4334,67.0,168.0,25,1.0
60.0,2.0,2018,3.0,4174,33,381,4174,67.0,168.0,26,1.0
5.0,1.0,2020,3.0,3945,28,370,3945,67.0,168.0,28,0.0
7.0,3.0,2021,2.0,3936,22,404,3936,67.0,168.0,29,0.0
855.0,1.0,2012,110.0,3996,25,334,3996,72.0,205.0,23,9.0
1136.0,1.0,2013,138.0,3914,23,363,3908,72.0,205.0,24,5.0
767.0,1.0,2014,92.0,3986,27,344,3986,72.0,205.0,25,11.0
665.0,1.0,2015,63.0,3646,18,322,3646,72.0,205.0,26,4.0
267.0,2.0,2016,49.0,3166,21,287,3166,72.0,205.0,27,3.0
430.0,2.0,2017,68.0,3967,40,341,3967,72.0,205.0,28,2.0
192.0,1.0,2018,32.0,4071,29,378,4071,72.0,205.0,29,2.0
298.0,2.0,2012,37.0,3668,18,328,3659,70.0,175.0,23,3.0
105.0,2.0,2013,13.0,4372,29,379,4372,70.0,175.0,24,0.0
314.0,2.0,2014,46.0,3678,12,274,3678,70.0,175.0,25,3.0
966.0,1.0,2015,127.0,4156,22,371,4156,70.0,175.0,26,6.0
567.0,2.0,2017,65.0,4551,29,366,4551,70.0,175.0,28,4.0
186.0,2.0,2018,24.0,4316,34,348,4316,70.0,175.0,29,1.0
30.0,2.0,2019,16.0,4648,26,394,4648,70.0,175.0,30,0.0
0.0,3.0,2021,5.0,4437,26,343,4429,70.0,175.0,32,0.0
0.0,2.0,2019,3.0,4187,29,344,4187,74.0,215.0,24,0.0
539.0,1.0,2020,67.0,3728,23,334,3728,74.0,215.0,25,4.0
101.0,2.0,2017,22.0,3680,21,373,3680,72.0,187.0,22,0.0
8.0,2.0,2015,4.0,3893,29,342,3893,72.0,210.0,23,1.0
144.0,3.0,2017,15.0,3085,14,291,3086,72.0,210.0,25,0.0
331.0,2.0,2023,34.0,3666,21,348,3661,69.0,185.0,22,2.0
427.0,1.0,2018,44.0,4174,33,381,4174,74.0,210.0,22,5.0
234.0,2.0,2019,26.0,4431,36,418,4431,74.0,210.0,23,5.0
448.0,2.0,2020,50.0,3945,28,370,3945,74.0,210.0,24,4.0
377.0,1.0,2021,51.0,3437,32,293,3437,74.0,210.0,25,3.0
278.0,2.0,2022,27.0,3969,27,338,3969,74.0,210.0,26,1.0
210.0,3.0,2018,28.0,2884,19,283,2884,73.0,206.0,22,2.0
80.0,2.0,2019,13.0,3797,23,355,3797,73.0,206.0,23,0.0
50.0,2.0,2020,7.0,4102,30,387,4102,73.0,206.0,24,1.0
87.0,2.0,2021,20.0,4437,26,343,4429,73.0,206.0,25,1.0
417.0,2.0,2022,51.0,4765,32,368,4765,73.0,206.0,26,3.0
86.0,2.0,2023,22.0,4306,29,385,4306,73.0,206.0,27,1.0
430.0,2.0,2017,61.0,4235,16,362,4235,68.0,178.0,23,2.0
217.0,2.0,2018,41.0,4247,30,331,4247,68.0,178.0,24,1.0
86.0,2.0,2020,21.0,4320,28,371,4317,68.0,178.0,26,0.0
62.0,2.0,2022,10.0,4520,37,418,4520,68.0,178.0,28,0.0
0.0,2.0,2023,2.0,3421,23,321,3421,68.0,178.0,29,0.0
5.0,3.0,2020,2.0,3793,20,372,3793,74.0,200.0,25,0.0
34.0,2.0,2021,5.0,4806,38,384,4806,74.0,200.0,26,0.0
231.0,2.0,2022,23.0,4520,37,418,4520,74.0,200.0,27,4.0
316.0,2.0,2023,32.0,4257,28,420,4257,74.0,200.0,28,1.0
24.0,3.0,2016,7.0,4445,41,403,4445,73.0,188.0,23,1.0
70.0,2.0,2017,7.0,3532,27,352,3532,73.0,188.0,24,0.0
385.0,2.0,2023,69.0,4044,28,364,4044,73.0,190.0,22,3.0
75.0,2.0,2018,10.0,3287,19,311,3283,72.0,200.0,23,1.0
200.0,1.0,2019,48.0,3205,21,298,3205,72.0,200.0,24,2.0
444.0,2.0,2022,54.0,3227,19,285,3227,74.0,225.0,22,1.0
221.0,1.0,2023,30.0,3512,16,304,3512,74.0,225.0,23,0.0
95.0,2.0,2021,22.0,3884,25,396,3874,72.0,180.0,24,0.0
11.0,3.0,2023,5.0,4700,31,424,4700,73.0,191.0,25,0.0
298.0,2.0,2022,35.0,3506,19,347,3506,69.0,165.0,23,1.0
485.0,2.0,2023,68.0,4300,27,361,4298,69.0,165.0,24,3.0
136.0,2.0,2015,19.0,3825,34,348,3853,72.0,220.0,22,2.0
348.0,2.0,2016,56.0,4445,41,403,4445,72.0,220.0,23,0.0
27.0,3.0,2020,6.0,3945,28,370,3945,72.0,220.0,27,0.0
95.0,2.0,2021,26.0,3437,32,293,3437,72.0,220.0,28,0.0
15.0,1.0,2022,4.0,3815,20,358,3815,72.0,220.0,29,1.0
40.0,2.0,2023,12.0,3392,21,351,3389,72.0,220.0,30,0.0
23.0,3.0,2021,6.0,4267,24,396,4267,71.0,202.0,22,0.0
33.0,3.0,2022,7.0,3202,20,300,3202,71.0,202.0,23,0.0
11.0,2.0,2023,2.0,3881,28,328,3881,71.0,202.0,24,0.0
603.0,2.0,2016,81.0,4206,18,364,4206,74.0,203.0,22,1.0
225.0,2.0,2017,32.0,3386,26,304,3378,74.0,203.0,23,2.0
1028.0,2.0,2018,108.0,3569,28,331,3569,74.0,203.0,24,7.0
1046.0,2.0,2019,148.0,3994,23,356,3994,74.0,203.0,25,6.0
841.0,2.0,2020,110.0,3793,20,372,3793,74.0,203.0,26,4.0
828.0,2.0,2021,95.0,4806,38,384,4806,74.0,203.0,27,6.0
764.0,2.0,2022,85.0,4520,37,418,4520,74.0,203.0,28,6.0
667.0,1.0,2023,98.0,4257,28,420,4257,74.0,203.0,29,2.0
169.0,3.0,2020,17.0,4776,44,410,4776,73.0,208.0,22,2.0
360.0,2.0,2021,56.0,5383,45,492,5383,73.0,208.0,23,0.0
664.0,1.0,2015,69.0,4061,35,333,4063,70.0,182.0,23,6.0
597.0,1.0,2016,66.0,4422,23,368,4422,70.0,182.0,24,1.0
555.0,1.0,2017,71.0,3979,35,340,3979,70.0,182.0,25,2.0
967.0,1.0,2018,71.0,3448,37,280,3448,70.0,182.0,26,10.0
1057.0,1.0,2019,110.0,4110,35,341,4110,70.0,182.0,27,8.0
1054.0,2.0,2020,132.0,4245,41,388,4245,70.0,182.0,28,10.0
1177.0,1.0,2021,108.0,3815,31,324,3815,70.0,182.0,29,8.0
1033.0,1.0,2022,117.0,4282,31,399,4282,70.0,182.0,30,9.0
898.0,1.0,2023,124.0,4167,23,371,4167,70.0,182.0,31,5.0
168.0,2.0,2023,32.0,3421,23,321,3421,71.0,185.0,22,0.0
247.0,3.0,2022,45.0,3815,20,358,3815,74.0,185.0,22,2.0
91.0,2.0,2023,23.0,3392,21,351,3389,74.0,185.0,23,0.0
599.0,1.0,2016,83.0,3914,20,365,3925,70.0,191.0,22,6.0
1183.0,2.0,2017,105.0,4326,26,363,4326,70.0,191.0,23,7.0
1479.0,1.0,2018,137.0,5126,52,385,5126,70.0,191.0,24,12.0
860.0,1.0,2019,89.0,4690,30,378,4667,70.0,191.0,25,7.0
1276.0,2.0,2020,135.0,5005,40,420,5005,70.0,191.0,26,15.0
1239.0,1.0,2021,159.0,4937,38,448,4928,70.0,191.0,27,10.0
1710.0,1.0,2022,170.0,4765,32,368,4765,70.0,191.0,28,7.0
1799.0,2.0,2023,172.0,4698,34,393,4698,70.0,191.0,29,14.0
728.0,1.0,2017,69.0,4551,29,366,4551,76.0,205.0,25,4.0
653.0,1.0,2018,65.0,4316,34,348,4316,76.0,205.0,26,5.0
14.0,1.0,2021,3.0,3884,25,396,3874,76.0,205.0,29,0.0
63.0,2.0,2020,9.0,3673,24,317,3673,74.0,205.0,23,0.0
0.0,3.0,2021,1.0,3856,21,354,3856,74.0,205.0,24,0.0
28.0,2.0,2022,7.0,4007,20,345,4007,74.0,205.0,25,0.0
398.0,3.0,2020,26.0,4548,31,413,4548,73.0,193.0,24,3.0
16.0,2.0,2021,5.0,3674,14,361,3674,73.0,193.0,25,0.0
8.0,3.0,2022,1.0,4182,31,359,4182,73.0,193.0,26,0.0
220.0,2.0,2020,31.0,4183,22,392,4179,73.0,200.0,24,1.0
802.0,1.0,2021,89.0,4893,45,406,4893,73.0,200.0,25,6.0
369.0,1.0,2022,44.0,3506,19,347,3506,73.0,200.0,26,3.0
211.0,2.0,2023,43.0,3775,18,327,3775,73.0,200.0,27,0.0
107.0,2.0,2022,14.0,2598,21,223,2589,72.0,200.0,25,1.0
20.0,2.0,2023,7.0,3421,23,321,3421,72.0,200.0,26,0.0
15.0,3.0,2019,1.0,4902,30,388,4902,75.0,205.0,23,1.0
10.0,3.0,2018,4.0,4247,30,331,4247,68.0,178.0,23,0.0
1092.0,2.0,2012,143.0,3967,28,323,3967,72.0,204.0,26,11.0
998.0,1.0,2013,122.0,3875,22,325,3875,72.0,204.0,27,6.0
337.0,1.0,2014,41.0,4470,33,383,4470,72.0,204.0,28,1.0
586.0,1.0,2016,72.0,4027,27,377,4027,72.0,204.0,30,1.0
1386.0,1.0,2012,148.0,4144,30,311,4144,77.0,230.0,29,9.0
1224.0,1.0,2013,160.0,3181,23,291,3181,77.0,230.0,30,7.0
1002.0,1.0,2014,142.0,3623,23,301,3623,77.0,230.0,31,3.0
545.0,1.0,2015,63.0,4042,25,312,4047,77.0,230.0,32,3.0
173.0,1.0,2016,34.0,4165,31,355,4165,77.0,230.0,33,0.0
91.0,2.0,2018,10.0,4165,26,345,4165,75.0,195.0,22,1.0
225.0,2.0,2019,31.0,3443,21,323,3455,75.0,195.0,23,0.0
13.0,2.0,2020,3.0,3115,19,292,3115,75.0,195.0,24,0.0
0.0,2.0,2021,1.0,3959,20,357,3919,75.0,195.0,25,0.0
227.0,1.0,2022,31.0,3431,17,346,3431,68.0,185.0,21,1.0
525.0,2.0,2023,78.0,3351,17,338,3351,68.0,185.0,22,1.0
75.0,2.0,2016,7.0,3418,16,347,3432,70.0,175.0,26,0.0
1354.0,1.0,2012,175.0,4844,35,402,4844,69.0,185.0,31,6.0
778.0,2.0,2013,111.0,5572,57,461,5572,69.0,185.0,32,11.0
464.0,1.0,2014,64.0,4779,41,399,4779,69.0,185.0,33,2.0
630.0,1.0,2016,92.0,3418,16,347,3432,72.0,184.0,22,2.0
423.0,1.0,2017,51.0,3644,31,299,3644,72.0,184.0,23,8.0
503.0,1.0,2018,45.0,4165,26,345,4165,72.0,184.0,24,4.0
670.0,1.0,2019,71.0,4083,28,355,4083,72.0,184.0,25,3.0
879.0,1.0,2020,75.0,4843,34,383,4821,72.0,184.0,26,8.0
28.0,1.0,2021,9.0,3936,22,404,3936,72.0,184.0,27,0.0
984.0,2.0,2015,102.0,5205,34,460,5205,71.0,195.0,23,4.0
895.0,2.0,2016,104.0,5258,41,472,5258,71.0,195.0,24,5.0
92.0,2.0,2017,16.0,4334,24,386,4334,71.0,195.0,25,0.0
651.0,2.0,2018,95.0,3708,19,334,3718,71.0,195.0,26,1.0
339.0,2.0,2019,46.0,3350,37,289,3350,71.0,195.0,27,5.0
432.0,1.0,2020,48.0,2919,29,257,2919,71.0,195.0,28,3.0
38.0,3.0,2021,8.0,4808,25,429,4808,71.0,195.0,29,0.0
229.0,1.0,2023,38.0,3373,13,356,3373,69.0,189.0,22,0.0
90.0,3.0,2023,19.0,4578,28,372,4578,75.0,210.0,23,0.0
268.0,2.0,2018,46.0,4595,42,432,4595,74.0,215.0,24,2.0
609.0,1.0,2019,73.0,3314,24,307,3314,74.0,215.0,25,6.0
629.0,1.0,2020,72.0,4186,25,371,4186,74.0,215.0,26,5.0
394.0,1.0,2021,69.0,3588,28,324,3578,74.0,215.0,27,3.0
150.0,2.0,2022,19.0,4364,28,350,4378,74.0,215.0,28,2.0
19.0,2.0,2023,15.0,3430,21,355,3430,74.0,215.0,29,1.0
860.0,2.0,2023,109.0,3881,28,328,3881,69.0,175.0,23,5.0
316.0,1.0,2017,74.0,3065,18,288,3065,74.0,200.0,22,2.0
654.0,1.0,2018,103.0,3052,19,270,3052,74.0,200.0,23,9.0
154.0,2.0,2020,20.0,4383,31,369,4383,74.0,200.0,25,1.0
546.0,1.0,2021,70.0,4808,25,429,4808,74.0,200.0,26,1.0
836.0,1.0,2022,122.0,4148,25,394,4151,74.0,200.0,27,5.0
321.0,1.0,2023,64.0,4377,23,412,4377,74.0,200.0,28,2.0
